,title,summary,installs,minInstalls,realInstalls,score,ratings,reviews,price,free,currency,sale,saleTime,originalPrice,saleText,offersIAP,inAppProductPrice,developer,developerId,developerEmail,developerWebsite,developerAddress,privacyPolicy,genre,genreId,icon,headerImage,video,videoImage,contentRating,contentRatingDescription,adSupported,containsAds,released,updated,version,recentChanges,recentChangesHTML,appId,url
0,Instagram,"Create & share photos, stories, & clips with the friends you love.","1,000,000,000+",1000000000,4392757565,3.980456,139402147,4390291,0,True,USD,False,,,,True,$0.05 - $219.99 per item,Instagram,Instagram,android-support@instagram.com,http://help.instagram.com/,"Facebook, Inc.
1601 Willow Rd
Menlo Park, CA 94025
United States",http://instagram.com/legal/privacy/,Social,SOCIAL,https://play-lh.googleusercontent.com/LM9vBt64KdRxLFRPMpNM6OvnGTGoUFSXYV-w-cGVeUxhgFWkCsfsPSJ5GYh7x9qKqw,https://play-lh.googleusercontent.com/9ASiwrVdio0I2i2Sd1UzRczyL81piJoKfKKBoC8PUm2q6565NMQwUJCuNGwH-enhm00,https://www.youtube.com/embed/uwZZEWrGgtY?ps=play&vq=large&rel=0&autohide=1&showinfo=0,https://play-lh.googleusercontent.com/9ASiwrVdio0I2i2Sd1UzRczyL81piJoKfKKBoC8PUm2q6565NMQwUJCuNGwH-enhm00,Teen,,True,True,"Apr 3, 2012",1662566872,Varies with device,,,com.instagram.android,https://play.google.com/store/apps/details?id=com.instagram.android&hl=en&gl=us
1,Ludo King™,Ludo King is a board game played between friends and family. A fun dice game.,"500,000,000+",500000000,784376872,4.2309885,9035087,10579,0,True,USD,False,,,,True,$0.49 - $184.99 per item,Gametion,8432995497152947670,support@ludoking.com,https://www.gametion.com/,"Mumbai, India",https://www.gametion.com/privacypolicy.htm,Board,GAME_BOARD,https://play-lh.googleusercontent.com/AwrQb4bJk-34pw_ye7VhjDN0Azraz_pYYq9s5FbcapiF7qfxbYYvqWl-TjIF9xJIeA,https://play-lh.googleusercontent.com/s6uTiCTgdY2AKVogIgenHXMIGhYEZ2x3ebGeIDFRjJIvS2gIgyzhgevK0B1fvNc-a75r,https://www.youtube.com/embed/vLyYXM0fCn8?ps=play&vq=large&rel=0&autohide=1&showinfo=0,https://play-lh.googleusercontent.com/s6uTiCTgdY2AKVogIgenHXMIGhYEZ2x3ebGeIDFRjJIvS2gIgyzhgevK0B1fvNc-a75r,Everyone,,True,True,"Dec 17, 2016",1662471399,7.2.0.229,- Bug fixes,- Bug fixes,com.ludo.king,https://play.google.com/store/apps/details?id=com.ludo.king&hl=en&gl=us
2,"PhonePe UPI, Payment, Recharge","Secure UPI, Money Transfer, Recharge, Bill Payment, Mutual Fund, Gold, Insurance","100,000,000+",100000000,404757491,4.3688602,8915141,3334,0,True,USD,False,,,,False,,PhonePe,PhonePe,support@phonepe.com,http://www.phonepe.com,,http://www.phonepe.com/en/policy.html,Finance,FINANCE,https://play-lh.googleusercontent.com/6iyA2zVz5PyyMjK5SIxdUhrb7oh9cYVXJ93q6DZkmx07Er1o90PXYeo6mzL4VC2Gj9s,https://play-lh.googleusercontent.com/XFq_b28k0W69LtnU4P1vZiXSYhBsjvI_DiXyxiVoJNccOlOGSwwICTecNl9gUL1Kot4,,,Everyone,,True,True,"Oct 14, 2016",1662731562,4.1.39,"Get. Set. Gold! 

You can now accumulate Gold at regular intervals by setting up a Gold SIP on PhonePe! 

 P.S: Without worry about market risks and fluctuations! (Yay!)",Get. Set. Gold! <br><br>You can now accumulate Gold at regular intervals by setting up a Gold SIP on PhonePe! <br><br> P.S: Without worry about market risks and fluctuations! (Yay!),com.phonepe.app,https://play.google.com/store/apps/details?id=com.phonepe.app&hl=en&gl=us
3,Weather Live - Radar & Widget,"The weather app give you local weather forecast, real-time radar, widgets.","5,000,000+",5000000,7008416,4.7268786,73516,2527,0,True,USD,False,,,,True,$4.99 - $9.99 per item,Weather Forecast & Widget & Radar,9020630781856452806,weatherfeedback@outlook.com,https://cghxstudio.com,HONG KONG,https://sites.google.com/view/weatherteam,Weather,WEATHER,https://play-lh.googleusercontent.com/yEo11_eRosEj_2XkeQvVCBlkMUCAqQ5aToTQqfS_lxDYdD8aZXz3IPHjktlU3GZLMXg,https://play-lh.googleusercontent.com/qWAl-7t0QFG0u544YVVZxnpb_kXVBd5F2Vh8piEfxz23N7ntMSYErQhntx2ZEEn7Zlw,https://www.youtube.com/embed/s2dKry1PsOQ?ps=play&vq=large&rel=0&autohide=1&showinfo=0,https://play-lh.googleusercontent.com/qWAl-7t0QFG0u544YVVZxnpb_kXVBd5F2Vh8piEfxz23N7ntMSYErQhntx2ZEEn7Zlw,Everyone,,True,True,"Jan 30, 2020",1661484120,1.5.4,-Bug fixes and performance enhancements.,-Bug fixes and performance enhancements.,com.accurate.live.weather.forecast.pro,https://play.google.com/store/apps/details?id=com.accurate.live.weather.forecast.pro&hl=en&gl=us
4,"PhonePe UPI, Payment, Recharge","Secure UPI, Money Transfer, Recharge, Bill Payment, Mutual Fund, Gold, Insurance","100,000,000+",100000000,404757491,4.3688602,8915141,3334,0,True,USD,False,,,,False,,PhonePe,PhonePe,support@phonepe.com,http://www.phonepe.com,,http://www.phonepe.com/en/policy.html,Finance,FINANCE,https://play-lh.googleusercontent.com/6iyA2zVz5PyyMjK5SIxdUhrb7oh9cYVXJ93q6DZkmx07Er1o90PXYeo6mzL4VC2Gj9s,https://play-lh.googleusercontent.com/XFq_b28k0W69LtnU4P1vZiXSYhBsjvI_DiXyxiVoJNccOlOGSwwICTecNl9gUL1Kot4,,,Everyone,,True,True,"Oct 14, 2016",1662731562,4.1.39,"Get. Set. Gold! 

You can now accumulate Gold at regular intervals by setting up a Gold SIP on PhonePe! 

 P.S: Without worry about market risks and fluctuations! (Yay!)",Get. Set. Gold! <br><br>You can now accumulate Gold at regular intervals by setting up a Gold SIP on PhonePe! <br><br> P.S: Without worry about market risks and fluctuations! (Yay!),com.phonepe.app,https://play.google.com/store/apps/details?id=com.phonepe.app&hl=en&gl=us
5,Price History: Track and save!,"All in one shopping: Deals, Price History, Price Drop Alerts and Price Tracker","500,000+",500000,942244,3.7,20878,2,0,True,USD,False,,,,True,$0.49 - $1.49 per item,Price History,Price+History,contact@pricehistory.in,https://pricehistoryapp.com,,https://pricehistoryapp.com/privacy-policy,Shopping,SHOPPING,https://play-lh.googleusercontent.com/cE3Qfppc_JB8SV33RnaLWGptaVjIE6prFYI7LSY_dd534SWqVNd9FR2embhf7j9lQp7H,https://play-lh.googleusercontent.com/BSUDrV5n9iV7GD7sYILRVGdyUyDppc3GpIbV_cK3DdTDUCvDkam4r9rvOVluV8nY9xM,,,Everyone,,True,True,"Mar 22, 2019",1660315063,6.4.1,"An all-new major release is here! 🎉
We got a new LOGO 😍
Completely re-imagined UI/UX! 😎
Added filters, categories, and sorting methods 😋
Homepage personalisation 🎨
Accurate pricing information 🎯
On-time price and stock alerts 🤑
Zoomable Price History chart 🔎
Better shopping experience 🛍 ","An all-new major release is here! 🎉<br>We got a new LOGO 😍<br>Completely re-imagined UI/UX! 😎<br>Added filters, categories, and sorting methods 😋<br>Homepage personalisation 🎨<br>Accurate pricing information 🎯<br>On-time price and stock alerts 🤑<br>Zoomable Price History chart 🔎<br>Better shopping experience 🛍 ",in.pricehistory.app,https://play.google.com/store/apps/details?id=in.pricehistory.app&hl=en&gl=us
6,Ghost Town Adventures: Mystery,Ghost Town Adventures - is a wonderful journey full of magic and mystery!,"10,000,000+",10000000,18847231,4.281021,324954,13678,0,True,USD,False,,,,True,$0.99 - $99.99 per item,Rimute Games,Rimute+Games,support@perfectplaystudio.com,,,http://perfectplaystudio.com/en/privacy_security.html,Adventure,GAME_ADVENTURE,https://play-lh.googleusercontent.com/6BbEdzGio6EHv5uZ-rgCNFfcGUpdIVaLvsIw9Oj6mFNIre6VTcTqYe_nfFMZbLmO_9JR,https://play-lh.googleusercontent.com/NQi_pGl-1kKXrEYIdEPRRaA0N6Fyx6AU311ywRyetPsMt-XAuota-eKmQrrP1NXLkQ,https://www.youtube.com/embed/RD159n_-wzA?ps=play&vq=large&rel=0&autohide=1&showinfo=0,https://play-lh.googleusercontent.com/NQi_pGl-1kKXrEYIdEPRRaA0N6Fyx6AU311ywRyetPsMt-XAuota-eKmQrrP1NXLkQ,Everyone,,True,True,"Feb 19, 2016",1614934223,2.62,"We fixed several bugs, and the game is now smoother than ever.","We fixed several bugs, and the game is now smoother than ever.",com.webgames.ghosts,https://play.google.com/store/apps/details?id=com.webgames.ghosts&hl=en&gl=us
7,Yono Lite SBI - Mobile Banking,Anywhere Personal is now Yono Lite. Manage your Bank accounts from your Mobile,"50,000,000+",50000000,61872784,4.2809634,2603795,6215,0,True,USD,False,,,,False,,State Bank of India,State+Bank+of+India,feedback.statebankanywhere@sbi.co.in,http://www.sbi.co.in,,https://www.onlinesbi.com/personal/privacy_statement.html,Finance,FINANCE,https://play-lh.googleusercontent.com/-EhLlpZOCHTXahHvx3_-O5rosAnwCYkzdhjwysn9yVVV9SzVcYaC-qxamDj5lp-YTA,https://play-lh.googleusercontent.com/V76u6uwAJ5ficBsBCTy-l9EP0WOHIOfvratf3t_bGMSKNxCX59Lp-3ZhsOUUuZhrnC4,https://www.youtube.com/embed/ls7ZsfMNvZc?ps=play&vq=large&rel=0&autohide=1&showinfo=0,https://play-lh.googleusercontent.com/V76u6uwAJ5ficBsBCTy-l9EP0WOHIOfvratf3t_bGMSKNxCX59Lp-3ZhsOUUuZhrnC4,Everyone,,False,False,"Mar 13, 2014",1662704902,5.3.59,"i) UPI limit enhancement from 5K to 1 lakh.
ii) New Customer Care number.
iii) Minor fixes",i) UPI limit enhancement from 5K to 1 lakh.<br>ii) New Customer Care number.<br>iii) Minor fixes,com.sbi.SBIFreedomPlus,https://play.google.com/store/apps/details?id=com.sbi.SBIFreedomPlus&hl=en&gl=us
8,Microsoft Office: Edit & Share,Easily scan documents & convert them to PDFs from anywhere with Office,"500,000,000+",500000000,653556909,4.4671655,1452350,22666,0,True,USD,False,,,,True,$0.99 - $99.99 per item,Microsoft Corporation,6720847872553662727,offandfb@microsoft.com,https://products.office.com,One Microsoft Way,http://go.microsoft.com/fwlink/?LinkID=507380,Productivity,PRODUCTIVITY,https://play-lh.googleusercontent.com/D6XDCje7pB0nNP1sOZkwD-tXkV0_As3ni21us5yZ71_sy0FTWv1s_MQBe1JUnHlgE94,https://play-lh.googleusercontent.com/USMpdzZUd8OSBpdZYJ2d7p5ThDyrGJWl8-1akHurM-szSiNV4XJKRaY7kQB6tPBPlQ,,,Everyone,,True,True,"Feb 16, 2020",1661535872,16.0.15601.20060,"﻿Thank you for using Office. 

We regularly release updates to the app, which include great new features, as well as improvements for speed and reliability.","﻿Thank you for using Office. <br><br>We regularly release updates to the app, which include great new features, as well as improvements for speed and reliability.",com.microsoft.office.officehubrow,https://play.google.com/store/apps/details?id=com.microsoft.office.officehubrow&hl=en&gl=us
9,Netflix,Netflix is the leading subscription service for watching TV episodes and movies.,"1,000,000,000+",1000000000,2005598611,4.4302297,13534848,881026,0,True,USD,False,,,,False,,"Netflix, Inc.","Netflix,+Inc.",playstore@netflix.com,http://www.netflix.com,"100 Winchester Circle
Los Gatos, CA 95032-1815
USA",http://www.netflix.com/privacy,Entertainment,ENTERTAINMENT,https://play-lh.googleusercontent.com/TBRwjS_qfJCSj1m7zZB93FnpJM5fSpMA_wUlFDLxWAb45T9RmwBvQd5cWR5viJJOhkI,https://play-lh.googleusercontent.com/0rgPYj0GwZ6txpYZrzoMdhwzqg7vY6C9B-Ol7jlaz-Ox2rgpD4Tr82ZgDqkirrEohbGm,https://www.youtube.com/embed/qLR10UAlKUc?ps=play&vq=large&rel=0&autohide=1&showinfo=0,https://play-lh.googleusercontent.com/0rgPYj0GwZ6txpYZrzoMdhwzqg7vY6C9B-Ol7jlaz-Ox2rgpD4Tr82ZgDqkirrEohbGm,Teen,,False,False,"May 5, 2011",1662669114,Varies with device,Get the best experience for enjoying recent hits and timeless classics with our latest Netflix update for your phone and tablet.,Get the best experience for enjoying recent hits and timeless classics with our latest Netflix update for your phone and tablet.,com.netflix.mediaclient,https://play.google.com/store/apps/details?id=com.netflix.mediaclient&hl=en&gl=us
10,JioCinema: Movies TV Originals,Now watch your favourite movies in multiple audio languages!,"1,000,000+",1000000,3370925,0.0,0,0,0,True,USD,False,,,,False,,Reliance Projects & Property Mgmt Services Ltd,Reliance+Projects+%26+Property+Mgmt+Services+Ltd,jiocinema@jio.com,http://www.jio.com,,http://apigw.jio.ril.com/help/jiovod/privacypolicy,Entertainment,ENTERTAINMENT,https://play-lh.googleusercontent.com/R8Wk3NqAh2TcPYMB_j8oedqMEc4u6IgCSSA_kAatfF0zR_bmSpCPfLG9X3vWBv3CJ99t,https://play-lh.googleusercontent.com/NmvjAfzQVbFkjblUGnBHE9pmSgfp6qOh76uTQu4g1EvGUMsGlW3sTAFvLpNwCiJ4-K4j,,,Teen,,True,True,,1641909786,1.6.9,"Force update capability for the app.
Major crash issues fixed.
Miscellaneous UI/UX issues fixed.",Force update capability for the app.<br>Major crash issues fixed.<br>Miscellaneous UI/UX issues fixed.,com.jio.media.stb.ondemand,https://play.google.com/store/apps/details?id=com.jio.media.stb.ondemand&hl=en&gl=us
11,Amazon Kindle,"Your library in your pocket. Anytime, anywhere.","100,000,000+",100000000,409119851,4.596211,2664461,147091,0,True,USD,False,,,,False,,Amazon Mobile LLC,Amazon+Mobile+LLC,kindle-cs-support@amazon.com,http://www.amazon.com/kindleapps,"AMZN Mobile LLC
410 Terry Ave N
Seattle, WA 98109",https://www.amazon.com/gp/help/customer/display.html?nodeId=468496,Books & Reference,BOOKS_AND_REFERENCE,https://play-lh.googleusercontent.com/48wwD4kfFSStoxwuwCIu6RdM2IeZmZKfb1ZeQkga0qEf1JKsiD-hK3Qf8qvxHL09lQ,https://play-lh.googleusercontent.com/QUc_OAw7kFgekwUj-OR6TgmFTgu8gpJTWrRbX_gKDB1t86k3rLSIyZGqFVGxo998RZ2G,,,Teen,,True,True,"Jun 28, 2010",1662745777,Varies with device,Several experience improvements and bug fixes.,Several experience improvements and bug fixes.,com.amazon.kindle,https://play.google.com/store/apps/details?id=com.amazon.kindle&hl=en&gl=us
12,Truecaller: Caller ID & Block,Call blocker: block spam calls & text messages. Identify unknown phone calls,"500,000,000+",500000000,994234417,4.5139737,18027203,153066,0,True,USD,False,,,,True,$0.99 - $249.00 per item,Truecaller,5383913004303935162,support@truecaller.com,http://www.truecaller.com/,"Platina Tower, MG Road, Sector 28, Gurugram, 122001
India",https://www.truecaller.com/privacy-policy,Communication,COMMUNICATION,https://play-lh.googleusercontent.com/nn_U3vONiACS6blzpxXPhIDRDsyE97cozJj0bXfgxCUFStnEhZ28r2F1Lm5Z8PAfZqM,https://play-lh.googleusercontent.com/9hKUO88DBZvLvQXMdkq3tdCWjQFyGxrJwWf208wL0KuV2gt_UW9P6uPIYVpEQXqNvg,,,Everyone,,True,True,"May 31, 2012",1662120027,Varies with device,"We keep updating our App to make it better. 
This version brings:
- Star your important calls and also add a note that you want to remember and look at another day
- Be creative and elevate your Video Caller ID with a range of amazing face filters
- Our redesigned profile will show you the number of spam calls, messages and unknown numbers you blocked, as well as how much time you've saved by doing so","We keep updating our App to make it better. <br>This version brings:<br>- Star your important calls and also add a note that you want to remember and look at another day<br>- Be creative and elevate your Video Caller ID with a range of amazing face filters<br>- Our redesigned profile will show you the number of spam calls, messages and unknown numbers you blocked, as well as how much time you&#39;ve saved by doing so",com.truecaller,https://play.google.com/store/apps/details?id=com.truecaller&hl=en&gl=us
13,Google Earth,Find satellite images of any location. Discover cities and mountains with tours.,"100,000,000+",100000000,464517770,4.2778234,2882549,101287,0,True,USD,False,,,,False,,Google LLC,5700313618786177705,apps-help@google.com,http://www.google.com/earth/,"1600 Amphitheatre Parkway, Mountain View 94043",http://www.google.com/policies/privacy,Travel & Local,TRAVEL_AND_LOCAL,https://play-lh.googleusercontent.com/9ORDOmn8l9dh-j4Sg3_S7CLcy0RRAI_wWt5jZtJOPztwnEkQ4y7mmGgoSYqbFR5jTc3m,https://play-lh.googleusercontent.com/dLUMQgGnsEBl6TkogTnzJXqJeQOiX8guQQDsZ-VrBpeLtKYkwLnjIxhozoRnkNHF2Q,,,Everyone,,False,False,"Feb 22, 2010",1653321651,Varies with device,"An improved search experience now includes locations, suggested points of interest, data layers, and guided tours in Voyager.","An improved search experience now includes locations, suggested points of interest, data layers, and guided tours in Voyager.",com.google.earth,https://play.google.com/store/apps/details?id=com.google.earth&hl=en&gl=us
14,IRCTC AIR,** IRCTC Air - The Official Mobile App ***,"10,000,000+",10000000,10846485,3.56,79947,36,0,True,USD,False,,,,False,,IRCTC Official,IRCTC+Official,flights@irctc.co.in,http://www.air.irctc.co.in,,https://www.air.irctc.co.in/IndianRailways/irctcair/termsandcondition.html,Travel & Local,TRAVEL_AND_LOCAL,https://play-lh.googleusercontent.com/FLpA-kZ5e-kZzRLHGvGGSEamURMsxxCpPOIMbx4PA6JX2ANsAZ4MWwh_mrRt-JQeLzoH,https://play-lh.googleusercontent.com/TsYDHaLPEGgcqAMdM0lhpfLoskxNkyCqX7pHe8q92-HR9r03nZfM_RFKwcW50ewcxQ,,,Everyone,,False,False,"May 31, 2016",1647844320,4.31,,,com.irctc.air,https://play.google.com/store/apps/details?id=com.irctc.air&hl=en&gl=us
15,Booking.com: Hotels and more,Book your whole trip in one app.,"500,000,000+",500000000,516920130,4.5639567,3515035,76001,0,True,USD,False,,,,False,,Booking.com Hotels & Vacation Rentals,8601716327451933581,customer.service@booking.com,http://www.booking.com/apps.html?source=googleplay,,http://www.booking.com/content/privacy.html,Travel & Local,TRAVEL_AND_LOCAL,https://play-lh.googleusercontent.com/eJuvWSnbPwEWAQCYwl8i9nPJXRzTv94JSYGGrKIu0qeuG_5wgYtb982-2F_jOGtIytY,https://play-lh.googleusercontent.com/hlR2Yjt1QpKswTzZ3MTjOXvIXsQaZm7Yp1nUompK9lg955KTKB2idp0JeZhVPh0SJOs,https://www.youtube.com/embed/FTkZZwZycRE?ps=play&vq=large&rel=0&autohide=1&showinfo=0,https://play-lh.googleusercontent.com/hlR2Yjt1QpKswTzZ3MTjOXvIXsQaZm7Yp1nUompK9lg955KTKB2idp0JeZhVPh0SJOs,Everyone,,False,False,"Feb 4, 2011",1662567253,Varies with device,"We added some important info about our properties. Our listings now include details on each accommodation's cleaning practices, social distancing measures, and other health and safety policies.","We added some important info about our properties. Our listings now include details on each accommodation&#39;s cleaning practices, social distancing measures, and other health and safety policies.",com.booking,https://play.google.com/store/apps/details?id=com.booking&hl=en&gl=us
16,Stranger Cases: A Mystery Esca,Can you solve the escape mystery of the missing baby drone?,"500,000+",500000,716704,4.3,6590,362,0,True,USD,False,,,,True,$0.99 - $2.99 per item,Snapbreak,8610760313453635485,info@snapbreak.com,https://www.snapbreak.com,"Snapbreak Games AB
Box 3116
400 10 Gothenburg, Sweden",https://snapbreak.com/privacy-policy-of-snapbreak-games-ab.html,Puzzle,GAME_PUZZLE,https://play-lh.googleusercontent.com/EIz3nhyR8s47fnenyOeN8O3L8fBnSwuZe3kzCEUsIEMYN4yL1xPnyD77-RMHxsRMquk,https://play-lh.googleusercontent.com/F-agYEihtwG6Nrgz64W9a1qyWEKNABM3bA9V3T3naXaBQdeFLnitfN9nRLyu2mE0dA,https://www.youtube.com/embed/au6q9JD9oSM?ps=play&vq=large&rel=0&autohide=1&showinfo=0,https://play-lh.googleusercontent.com/F-agYEihtwG6Nrgz64W9a1qyWEKNABM3bA9V3T3naXaBQdeFLnitfN9nRLyu2mE0dA,Everyone,"Mild Fantasy Violence, Comic Mischief",True,True,"Aug 15, 2018",1614859994,1.24,Added Play Pass support,Added Play Pass support,com.snapbreak.strangercases,https://play.google.com/store/apps/details?id=com.snapbreak.strangercases&hl=en&gl=us
17,"Adobe Scan: PDF Scanner, OCR",Use the Markup tool to easily make corrections & leave quick notes in work docs.,"100,000,000+",100000000,113605019,4.7875953,2268044,49942,0,True,USD,False,,,,True,$3.99 - $69.99 per item,Adobe,4734916851270416020,Grp-adobescan-android@adobe.com,https://forums.adobe.com/community/document-cloud/scanandroid/overview,"Adobe Inc.
345 Park Avenue
San Jose, CA 95110-2704",http://www.adobe.com/privacy/policy.html,Business,BUSINESS,https://play-lh.googleusercontent.com/W8hcwa6JamuHhxDaPeyFx1_kIqBOYPMGrL4KH-YMMaGMt1UheJ1W3_OWAykE98_fxX1U,https://play-lh.googleusercontent.com/NTPfNvLGSEZ4NtA8xUX3k7KBGgPgNmFBN4dVsqKYRXIxCNrJkXclllMJTl5el_zUXSAx,,,Everyone,,False,False,"May 31, 2017",1661811033,Varies with device,"IMPROVED:
• Performance and stability.",IMPROVED:<br>• Performance and stability.,com.adobe.scan.android,https://play.google.com/store/apps/details?id=com.adobe.scan.android&hl=en&gl=us
18,Coast Guard: Beach Rescue Team,"Cars, boats and many challenges. Rescue people in trouble, park on land and sea.","5,000,000+",5000000,5196929,4.278027,26645,906,0,True,USD,False,,,,True,$1.99 - $30.99 per item,Play With Games,Play+With+Games,info@playwithgames.com,http://www.playwithgames.com,"15 Spinnaker Quay
Mount Batten
Plymouth
Devon
PL9 9SA
United Kingdom",http://www.playwithgames.com/privacy.html,Racing,GAME_RACING,https://play-lh.googleusercontent.com/IPg0C8w1ah1zrbpHBrSGH1F8xxjLk1jB4HHdcKGLIgNfBX5srU665DhFL9g_aZ0MjIc,https://play-lh.googleusercontent.com/638tBkD21xVGNQe65ekWy8dtTbXzTl_C1NH2wE9hz7q6M5biFaMBRgmacEJg7EXLmkY,https://www.youtube.com/embed/v8Yq0KwuUU4?ps=play&vq=large&rel=0&autohide=1&showinfo=0,https://play-lh.googleusercontent.com/638tBkD21xVGNQe65ekWy8dtTbXzTl_C1NH2wE9hz7q6M5biFaMBRgmacEJg7EXLmkY,Teen,Violence,True,True,"May 6, 2017",1597447538,1.3.1,,,com.playwithgames.CoastGuardParking,https://play.google.com/store/apps/details?id=com.playwithgames.CoastGuardParking&hl=en&gl=us
19,"Amazon India Shop, Pay, miniTV","Shop products, pay bills, make UPI payments, order groceries & watch miniTV","100,000,000+",100000000,385754308,4.49106,8615147,3916,0,True,USD,False,,,,False,,Amazon Mobile LLC,Amazon+Mobile+LLC,feedback-amazon-app-android@amazon.com,http://www.amazon.in/,"AMZN Mobile LLC
410 Terry Ave N
Seattle, WA 98109",http://www.amazon.in/privacy,Shopping,SHOPPING,https://play-lh.googleusercontent.com/QrDjFxk6q1snmS96tGAhMJYl7N1_thOJxR62etDJbL5nhSozwdCoXC55nHjL2NFD8d8,https://play-lh.googleusercontent.com/azChjyqwbvhu6zCU1IgrL_vbSXqmr2hD-T1_GPokw49q6dNmN_5R_R-sspGXRFBE9u1s,https://www.youtube.com/embed/tWcsFiNXaro?ps=play&vq=large&rel=0&autohide=1&showinfo=0,https://play-lh.googleusercontent.com/azChjyqwbvhu6zCU1IgrL_vbSXqmr2hD-T1_GPokw49q6dNmN_5R_R-sspGXRFBE9u1s,Everyone,,True,True,,1662231876,Varies with device,"Access popular pages quickly with our new shortcuts. Tap and hold the Amazon app icon to access your Orders, Daily Deals, Shopping Basket and Search.

Enjoy our latest update where we have fixed some bugs and improved our app to provide you a seamless shopping experience.

Listen to Music while you shop. Tap the mic icon and say 'Alexa, play songs by A.R.Rahman'","Access popular pages quickly with our new shortcuts. Tap and hold the Amazon app icon to access your Orders, Daily Deals, Shopping Basket and Search.<br><br>Enjoy our latest update where we have fixed some bugs and improved our app to provide you a seamless shopping experience.<br><br>Listen to Music while you shop. Tap the mic icon and say &#39;Alexa, play songs by A.R.Rahman&#39;",in.amazon.mShop.android.shopping,https://play.google.com/store/apps/details?id=in.amazon.mShop.android.shopping&hl=en&gl=us
20,Accio! - Harry Potter Magic Wo,Wands at the ready! Put your knowledge of Harry Potter magic spells to the test!,"10,000+",10000,37387,4.375,435,13,0,True,USD,False,,,,True,$0.99 - $3.49 per item,Nisapi Studio,Nisapi+Studio,nisapistudio@gmail.com,http://pub-5wt36-z7g4u.quickappninja.com,"Kooikerstraat,
Alphen aan den Rijn,
The Netherlands",http://nisapistudio.com/privacy-policy,Word,GAME_WORD,https://play-lh.googleusercontent.com/ShIXLK1ckO78bpyY6-X5pYBthPcxiHveIn4o43dzcANpC62pbmWQYT8LoXOhJGICaX8,https://play-lh.googleusercontent.com/yP7Vym2YKfLmyGdCl0v76068KC1YoHsB_8q7PdynwHC14Zh-tDDMwC4FDpaFHhQHT7Q,,,Everyone,,True,True,"Apr 23, 2020",1588522486,1.10.9z,"Updated content Accio - Magic Word Puzzle.
Wizarding World Spells Game",Updated content Accio - Magic Word Puzzle.<br>Wizarding World Spells Game,com.nisapistudio.potterspells,https://play.google.com/store/apps/details?id=com.nisapistudio.potterspells&hl=en&gl=us
21,PHARMACY INDIA,Connect with PHARMACY INDIA in an efficient and transparent manner,"100,000+",100000,117044,0.0,0,0,0,True,USD,False,,,,False,,Education A19-Media,Education+A19-Media,april2019@classplus.co,,,https://classplusapp.com/privacy.html,Education,EDUCATION,https://play-lh.googleusercontent.com/Oe4a3F0w65rGwBx2i1eu2ZUOHT6j4RCUqb-WICmUBN5QcsyeZ0qXutA2t5YdNLEHiw,https://play-lh.googleusercontent.com/ad3Oihlc7NS6a8Jm2ew1SNBwhcFCRmxlVkB2vEiOJVNhTp8wAQQplcUcQpbzASqdW1yZ,,,Everyone,,False,False,"Oct 4, 2019",1661850542,1.4.58.4,,,co.april2019.pindia,https://play.google.com/store/apps/details?id=co.april2019.pindia&hl=en&gl=us
22,Ni-kshay,Ni-kshay - integrated ICT system for TB patients and TPT beneficiary management,"100,000+",100000,342167,0.0,0,0,0,True,USD,False,,,,False,,National TB Elimination Program (NTEP),National+TB+Elimination+Program+(NTEP),nikshay@rntcp.org,http://www.nikshay.gov.in,"Central TB Division
Ground and Second Floor,
Jeevan Vihar Building, 3 Sansad Marg,
Connaught Place, New Delhi - 110001",https://nikshay.zendesk.com/hc/en-us/articles/360016260931-Privacy-Policy,Medical,MEDICAL,https://play-lh.googleusercontent.com/TK1AUhjxDNqSfQHEfh1IjwTuruGOmVBbdHaWRPWyKZuMhUlWm2JlyC6EWMb18F7L6Ec,https://play-lh.googleusercontent.com/InDbFCfxD70UqZ0mEbAb-IdRoNGvX7vVrjFDvhAZ9WRTutlNGF1BklfMegZBr_kFMA,,,Everyone,,False,False,,1662052545,2.9.1,* Bug Fixes and Performance Improvements.,* Bug Fixes and Performance Improvements.,org.rntcp.nikshay,https://play.google.com/store/apps/details?id=org.rntcp.nikshay&hl=en&gl=us
23,Blocky,Enjoy the easy-to-play block-match puzzle game for FREE now!,"1,000,000+",1000000,1501120,4.7875648,6328,670,0,True,USD,False,,,,True,$0.99 - $19.99 per item,Puzzle Saga Studio,7099963475049345214,support@blockpuzzle.freshdesk.com,http://ww.puzzlesagastudio.com,Hong Kong,http://ww.puzzlesagastudio.com/privacy,Puzzle,GAME_PUZZLE,https://play-lh.googleusercontent.com/teJ2gNPLYm2WXuiOborVLE3EK1o4p3ppku97wHZACK9YHrMUn0S9gLDHvAzr6_JwXNg,https://play-lh.googleusercontent.com/7UbTcACGzQx72ADaIXJKkOWelPbPQKOHS8D4KJXg3TXWyTM8WubSZZYSQc-KZEywPnj3,,,Everyone,,True,True,"Apr 12, 2018",1589189263,1.0.8,- Bugs fixed to improve overall gaming experience,- Bugs fixed to improve overall gaming experience,com.puzzlegames.block.puzzle,https://play.google.com/store/apps/details?id=com.puzzlegames.block.puzzle&hl=en&gl=us
24,Vainglory,THE CROSS-PLATFORM MOBA,"10,000,000+",10000000,14179503,3.534748,833682,27289,0,True,USD,False,,,,True,$0.99 - $99.99 per item,Super Evil Megacorp,Super+Evil+Megacorp,support@superevilmegacorp.com,http://www.vainglorygame.com/,"Super Evil Megacorp
119 S B St, Ste A
San Mateo, CA 94401",http://www.vainglorygame.com/privacy-policy,Strategy,GAME_STRATEGY,https://play-lh.googleusercontent.com/4GU160K2943fQeU0uj5mI-5uijCYUOmxzAELx-BnlYO3xilydEEs8BFFFkaLD3ruBiA,https://play-lh.googleusercontent.com/xpDbhMAgPsIPnAfgNNB4zZX3m-Zw9K-Fk06Qwm31KvqYcUyFc7PMaVZqZvc6QKbS0Wg,https://www.youtube.com/embed/XmXZ7cSxJW0?ps=play&vq=large&rel=0&autohide=1&showinfo=0,https://play-lh.googleusercontent.com/xpDbhMAgPsIPnAfgNNB4zZX3m-Zw9K-Fk06Qwm31KvqYcUyFc7PMaVZqZvc6QKbS0Wg,Teen,"Fantasy Violence, Suggestive Themes",False,False,"Jun 29, 2015",1662765768,4.13.4 (147219),Players are now able to select skins and talents in matches that support them.,Players are now able to select skins and talents in matches that support them.,com.superevilmegacorp.game,https://play.google.com/store/apps/details?id=com.superevilmegacorp.game&hl=en&gl=us
25,Tinder: Dating app. Meet. Chat,"The dating app that does it all - make friends, meet people, or find a date","100,000,000+",100000000,333491584,2.9202418,4724092,238639,0,True,USD,False,,,,True,$0.99 - $299.99 per item,Tinder,8070166968320699506,help@gotinder.com,http://www.gotinder.com,"Tinder
8833 W. Sunset Blvd.
West Hollywood, CA 90069",https://policies.tinder.com/privacy,Lifestyle,LIFESTYLE,https://play-lh.googleusercontent.com/fDpoqIbZ884ylRnMK8Lx9Fu4DsLQk5yt4f9WkxeOAPpGnzc9BTi_YKkMsLvoMdx7Uzg,https://play-lh.googleusercontent.com/Hc7K7VykwNS4YRyQLOVGKytQleFbtxYo1X3lIrFzi_-GRJG8ZkM67B3UzNxxMWqDbyo,,,Mature 17+,,True,True,"Jul 15, 2013",1661904775,13.16.0,Bug fixes and improvements,Bug fixes and improvements,com.tinder,https://play.google.com/store/apps/details?id=com.tinder&hl=en&gl=us
26,Twitter,"Now with Twitter spaces: Join, listen, and speak in live audio conversations","1,000,000,000+",1000000000,1333672911,3.684831,20230526,685346,0,True,USD,False,,,,True,$0.99 - $399.99 per item,"Twitter, Inc.","Twitter,+Inc.",google-play-emails@twitter.com,https://support.twitter.com/articles/20169915,"Twitter, Inc.
1355 Market Street, Suite 900
San Francisco, CA 94103",http://twitter.com/privacy,Social,SOCIAL,https://play-lh.googleusercontent.com/wIf3HtczQDjHzHuu7vezhqNs0zXAG85F7VmP7nhsTxO3OHegrVXlqIh_DWBYi86FTIGk,https://play-lh.googleusercontent.com/ppgpYkuUs_NIA3MANIeAP1PFp0t_8lL_bwbGHGi1w_9fmm-ONuiYwXXJkeyRDpryCOU,https://www.youtube.com/embed/AUBvHej0hrk?ps=play&vq=large&rel=0&autohide=1&showinfo=0,https://play-lh.googleusercontent.com/ppgpYkuUs_NIA3MANIeAP1PFp0t_8lL_bwbGHGi1w_9fmm-ONuiYwXXJkeyRDpryCOU,Mature 17+,,True,True,"Apr 30, 2010",1662769862,Varies with device,"Get ready for the new dark mode, now with 2 options – dim and lights out – and an automatic setting!","Get ready for the new dark mode, now with 2 options – dim and lights out – and an automatic setting!",com.twitter.android,https://play.google.com/store/apps/details?id=com.twitter.android&hl=en&gl=us
27,Delhi University Exam Material,"Get DU previous year question papers, notes, books & syllabus here.","10,000+",10000,32009,0.0,0,0,0,True,USD,False,,,,False,,Penguin Mobile Apps,Penguin+Mobile+Apps,meixing.li1989@gmail.com,https://finalrevise.com/,,https://finalrevise.com/about,Books & Reference,BOOKS_AND_REFERENCE,https://play-lh.googleusercontent.com/eWVzwQlQrItS3uax2dcWrS9-sFUBWQ5YqTSXzAwriUQ_hW59N2mlPhAyKdwygRMFtnlF,https://play-lh.googleusercontent.com/XA9e3MXXv_MtnNwxcFFx5jR51zb-i933RdfkhG48LbncgxuOQZysYnvEbqScdnw8701r,,,Everyone,,True,True,"Sep 20, 2020",1629624978,21.8.0,Bug fixes and improvements.,Bug fixes and improvements.,com.delhi.university.android,https://play.google.com/store/apps/details?id=com.delhi.university.android&hl=en&gl=us
28,Vikings Quiz,Vikings Quiz is the ultimate quiz for Vikings series.,100+,100,118,0.0,0,0,0,True,USD,False,,,,False,,ZeeFdgh,5723401728621101937,zaidfdgh@gmail.com,http://pub-8eck2-2vrjv.quickappninja.com,"Amman, Jordan.",http://pub-8eck2-2vrjv.gameprivacypolicy.com/privacy-policy/,Trivia,GAME_TRIVIA,https://play-lh.googleusercontent.com/Rt_oSo27q5J6I1fAl7Adbz7nDQd4shXPkk1VdgflKGt-TZ58ciHKswfbtifa-MHvPEdx,https://play-lh.googleusercontent.com/h4GPVOem5nyuNs2A6Ds_W6PSbwlgZLQw4ezMwp8aovwtAeJ0yZfcDNiVc5VU6EOgHgY,,,Everyone,,True,True,"Mar 21, 2022",1660679572,9.2.3z,Minor bug fixes.,Minor bug fixes.,com.zaidfdgh.vikingsquiz,https://play.google.com/store/apps/details?id=com.zaidfdgh.vikingsquiz&hl=en&gl=us
29,ICC Cricket,The #1 App for International Cricket!,"10,000,000+",10000000,13003599,4.172131,114534,486,0,True,USD,False,,,,False,,International Cricket Council,International+Cricket+Council,social@icc-cricket.com,https://www.icc-cricket.com/,,https://www.icc-cricket.com/about/the-icc/legal-notices/privacy-policy,Sports,SPORTS,https://play-lh.googleusercontent.com/QVIxP85IAQPZKcIVgokwB_PdT2ynLTOvi2moLSaaXgiR0vykBbaTPYlhZ64lUJV5DQ,https://play-lh.googleusercontent.com/ZZgUtrdQa7eNqmSfPp9Q37ODCiiw4KWWGzb2XrrbyqmN50HlBXyESKnZFVk8pfLI3Wmd,,,Everyone,,True,True,"Jan 27, 2015",1657188548,7.31.11.4969,General bug fixes and performance enhancements,General bug fixes and performance enhancements,com.pl.cwc_2015,https://play.google.com/store/apps/details?id=com.pl.cwc_2015&hl=en&gl=us
