,reviewId,userName,userImage,content,score,thumbsUpCount,reviewCreatedVersion,at,replyContent,repliedAt,appId,result,sentiment,sentiment_score
0,229aaad2-b503-4a05-b063-ba80a5517712,Sajid Mansuri,https://play-lh.googleusercontent.com/a/AItbvmmvV2dpdMumoQuoUv9J1FafBndxk32csc6xRBaP=mo,Zoya,1,1,,2022-09-04 13:25:19,,,com.divinegames.weddingfashionmakeover,"[{'label': 'POSITIVE', 'score': 0.9880322217941284}]",POSITIVE,0.9880322217941284
1,622953e7-71d2-4537-a3ea-8a661d6d7d8f,NIZAM SYED (LUCKY),https://play-lh.googleusercontent.com/a/AItbvmkxv3TErTd8vHZHWIMUTV2_wrkyKg9SElbm1eRJyA=mo,😍😍😍😍😍😍😍(●´з`)♡,5,0,,2022-09-01 09:50:18,,,com.divinegames.weddingfashionmakeover,"[{'label': 'POSITIVE', 'score': 0.9983381032943726}]",POSITIVE,0.9983381032943726
2,bd66bf47-fba8-4beb-aab8-454799b1e6a9,Mayank 22 6C Mamta singh,https://play-lh.googleusercontent.com/a-/AFdZucoPy53_FaauKtbeZadOBpOBj-MwLwlz1R6PWr-SPQ,So good game no words for this game,5,0,1.2,2022-08-30 11:08:50,,,com.divinegames.weddingfashionmakeover,"[{'label': 'POSITIVE', 'score': 0.998640239238739}]",POSITIVE,0.998640239238739
3,9d0af9c5-baaf-4425-8627-e848bfdf7ec2,Sumit Khatak,https://play-lh.googleusercontent.com/a/AItbvmmIEfnYSYBkzzUIrgG3dHl7vNB4w2oejMGMNsXL=mo,Syndrome game and hai,5,0,,2022-08-28 07:02:08,,,com.divinegames.weddingfashionmakeover,"[{'label': 'POSITIVE', 'score': 0.9962207674980164}]",POSITIVE,0.9962207674980164
4,d67322fe-1a1a-4028-b41f-2b34acf9fc25,Ibraheem Tassawar,https://play-lh.googleusercontent.com/a/AItbvmkVNw9Zy4Ev5Usxs-UuB3r5vvCUVNGgm8ewCFAq=mo,Wedding fashion doll makeoveer...,5,0,,2022-08-15 03:27:52,,,com.divinegames.weddingfashionmakeover,"[{'label': 'POSITIVE', 'score': 0.9890389442443848}]",POSITIVE,0.9890389442443848
5,bb82af1f-de8d-4a2a-9257-c22a823f2903,Rina Das,https://play-lh.googleusercontent.com/a/AItbvmkydzUR2eNiJaQhK7hllR2667-OJbVD_Ecv9v2z=mo,I like it.,4,0,1.0.5,2022-09-09 10:52:15,,,com.fashiondollmakeupgames.fashiongirlgames2020,"[{'label': 'POSITIVE', 'score': 0.9988269209861755}]",POSITIVE,0.9988269209861755
6,81666885-c141-4bd8-9a93-e62676695a37,Aarav goyal,https://play-lh.googleusercontent.com/a-/AFdZucovbgFH5PGucg_0NLGRogn2ECP2N6Hwxn9MvD-P,Very nice game,5,0,,2022-09-08 11:49:56,,,com.fashiondollmakeupgames.fashiongirlgames2020,"[{'label': 'POSITIVE', 'score': 0.9987919926643372}]",POSITIVE,0.9987919926643372
7,32ee3fe5-ffe9-466b-9521-fbb2f8abf0bf,sunil kumar,https://play-lh.googleusercontent.com/a-/AFdZucqUubCtiMrf2QNu5-vQW6-ySzwd0H1UXvsQRx3U,Very bad game,1,0,1.0.5,2022-09-06 09:00:21,,,com.fashiondollmakeupgames.fashiongirlgames2020,"[{'label': 'NEGATIVE', 'score': 0.9994944334030151}]",NEGATIVE,0.9994944334030151
8,edc6d1e6-ac73-45d4-91b2-380585f1d226,Amit Kumar Singh,https://play-lh.googleusercontent.com/a/AItbvmn61aQf2M4kzn7uSCOsytIU9wdEXAwqCKGXdj5c=mo,Very very bad,1,0,,2022-09-06 01:40:13,,,com.fashiondollmakeupgames.fashiongirlgames2020,"[{'label': 'NEGATIVE', 'score': 0.9994558691978455}]",NEGATIVE,0.9994558691978455
9,ee981126-73e1-4429-b3b3-1646237f306b,Sumer Singh Choudhary,https://play-lh.googleusercontent.com/a-/AFdZucqbNQ3BJiaiCDHeNFqeDxcLRq1x7uOWv9m4XAYshA,Nice game,3,0,1.0.5,2022-09-05 12:14:58,,,com.fashiondollmakeupgames.fashiongirlgames2020,"[{'label': 'POSITIVE', 'score': 0.9988034963607788}]",POSITIVE,0.9988034963607788
10,bb82af1f-de8d-4a2a-9257-c22a823f2903,Rina Das,https://play-lh.googleusercontent.com/a/AItbvmkydzUR2eNiJaQhK7hllR2667-OJbVD_Ecv9v2z=mo,I like it.,4,0,1.0.5,2022-09-09 10:52:15,,,com.fashiondollmakeupgames.fashiongirlgames2020,"[{'label': 'POSITIVE', 'score': 0.9988269209861755}]",POSITIVE,0.9988269209861755
11,81666885-c141-4bd8-9a93-e62676695a37,Aarav goyal,https://play-lh.googleusercontent.com/a-/AFdZucovbgFH5PGucg_0NLGRogn2ECP2N6Hwxn9MvD-P,Very nice game,5,0,,2022-09-08 11:49:56,,,com.fashiondollmakeupgames.fashiongirlgames2020,"[{'label': 'POSITIVE', 'score': 0.9987919926643372}]",POSITIVE,0.9987919926643372
12,32ee3fe5-ffe9-466b-9521-fbb2f8abf0bf,sunil kumar,https://play-lh.googleusercontent.com/a-/AFdZucqUubCtiMrf2QNu5-vQW6-ySzwd0H1UXvsQRx3U,Very bad game,1,0,1.0.5,2022-09-06 09:00:21,,,com.fashiondollmakeupgames.fashiongirlgames2020,"[{'label': 'NEGATIVE', 'score': 0.9994944334030151}]",NEGATIVE,0.9994944334030151
13,edc6d1e6-ac73-45d4-91b2-380585f1d226,Amit Kumar Singh,https://play-lh.googleusercontent.com/a/AItbvmn61aQf2M4kzn7uSCOsytIU9wdEXAwqCKGXdj5c=mo,Very very bad,1,0,,2022-09-06 01:40:13,,,com.fashiondollmakeupgames.fashiongirlgames2020,"[{'label': 'NEGATIVE', 'score': 0.9994558691978455}]",NEGATIVE,0.9994558691978455
14,ee981126-73e1-4429-b3b3-1646237f306b,Sumer Singh Choudhary,https://play-lh.googleusercontent.com/a-/AFdZucqbNQ3BJiaiCDHeNFqeDxcLRq1x7uOWv9m4XAYshA,Nice game,3,0,1.0.5,2022-09-05 12:14:58,,,com.fashiondollmakeupgames.fashiongirlgames2020,"[{'label': 'POSITIVE', 'score': 0.9988034963607788}]",POSITIVE,0.9988034963607788
15,bb82af1f-de8d-4a2a-9257-c22a823f2903,Rina Das,https://play-lh.googleusercontent.com/a/AItbvmkydzUR2eNiJaQhK7hllR2667-OJbVD_Ecv9v2z=mo,I like it.,4,0,1.0.5,2022-09-09 10:52:15,,,com.fashiondollmakeupgames.fashiongirlgames2020,"[{'label': 'POSITIVE', 'score': 0.9988269209861755}]",POSITIVE,0.9988269209861755
16,81666885-c141-4bd8-9a93-e62676695a37,Aarav goyal,https://play-lh.googleusercontent.com/a-/AFdZucovbgFH5PGucg_0NLGRogn2ECP2N6Hwxn9MvD-P,Very nice game,5,0,,2022-09-08 11:49:56,,,com.fashiondollmakeupgames.fashiongirlgames2020,"[{'label': 'POSITIVE', 'score': 0.9987919926643372}]",POSITIVE,0.9987919926643372
17,32ee3fe5-ffe9-466b-9521-fbb2f8abf0bf,sunil kumar,https://play-lh.googleusercontent.com/a-/AFdZucqUubCtiMrf2QNu5-vQW6-ySzwd0H1UXvsQRx3U,Very bad game,1,0,1.0.5,2022-09-06 09:00:21,,,com.fashiondollmakeupgames.fashiongirlgames2020,"[{'label': 'NEGATIVE', 'score': 0.9994944334030151}]",NEGATIVE,0.9994944334030151
18,edc6d1e6-ac73-45d4-91b2-380585f1d226,Amit Kumar Singh,https://play-lh.googleusercontent.com/a/AItbvmn61aQf2M4kzn7uSCOsytIU9wdEXAwqCKGXdj5c=mo,Very very bad,1,0,,2022-09-06 01:40:13,,,com.fashiondollmakeupgames.fashiongirlgames2020,"[{'label': 'NEGATIVE', 'score': 0.9994558691978455}]",NEGATIVE,0.9994558691978455
19,ee981126-73e1-4429-b3b3-1646237f306b,Sumer Singh Choudhary,https://play-lh.googleusercontent.com/a-/AFdZucqbNQ3BJiaiCDHeNFqeDxcLRq1x7uOWv9m4XAYshA,Nice game,3,0,1.0.5,2022-09-05 12:14:58,,,com.fashiondollmakeupgames.fashiongirlgames2020,"[{'label': 'POSITIVE', 'score': 0.9988034963607788}]",POSITIVE,0.9988034963607788
20,6338c608-22b2-433d-8ae1-a4d8fc23fde6,Sahal Imran,https://play-lh.googleusercontent.com/a-/AFdZucrBWpPRB2AsZZJfuDL63AwiS9VY9afmooePfRdqTA,"the game is tedious as in boring. Sure, you do quests and kill enemies in one single map, but if only you add multiplier to your game, then this game would be more fun. Oh, and add different maps too.. not just one boring green map. Add tundra map and desert map",4,1,,2022-08-14 15:14:34,,,com.yamtargames.snakesim,"[{'label': 'NEGATIVE', 'score': 0.9994879961013794}]",NEGATIVE,0.9994879961013794
21,a81ae98c-410e-46a0-a9a9-7b794534fae3,Bentley Hutson,https://play-lh.googleusercontent.com/a-/AFdZucqsPlc96mNbciex2nC4PETx7Yx0Ne05Z6wabTSo,ALL YOUR GAMES ARE GOOD BETTER THAN ROBLOX,5,0,,2022-04-19 08:13:23,,,com.yamtargames.snakesim,"[{'label': 'POSITIVE', 'score': 0.9973475933074951}]",POSITIVE,0.9973475933074951
22,78ea572f-4a61-45cf-8b37-346abceea5c1,Krystal K,https://play-lh.googleusercontent.com/a/AItbvmmXoFjBlDeB0mn11JiPAbbg_1NoMG3z2ub2_2wP=mo,Not enough family 3 more,3,0,,2022-03-08 03:22:23,,,com.yamtargames.snakesim,"[{'label': 'NEGATIVE', 'score': 0.9990673661231995}]",NEGATIVE,0.9990673661231995
23,b399d2c6-dee1-4009-82c8-105b507d3db6,Chantel Senekal,https://play-lh.googleusercontent.com/a/AItbvmnhvPiuBYDgi6euLsMODQRA7FV6d06WnFCN7wyQ=mo,Fg,1,0,,2022-01-06 12:34:23,,,com.yamtargames.snakesim,"[{'label': 'POSITIVE', 'score': 0.8276060223579407}]",POSITIVE,0.8276060223579407
24,3691d0ed-e9d0-4270-ab52-1b56c54069e5,Luke Plumley,https://play-lh.googleusercontent.com/a/AItbvmkf6KoMrHULpVLAsVjJpScQEZM_ZUl5PWrQNM_o=mo,THE best Game ever your over...Uber... over o,5,0,0.1,2021-12-26 15:22:02,,,com.yamtargames.snakesim,"[{'label': 'POSITIVE', 'score': 0.998405396938324}]",POSITIVE,0.998405396938324
25,0ab0aa72-e3fb-4ed0-a248-602f13521370,Tim Gibson,https://play-lh.googleusercontent.com/a-/AFdZucpHMkp7KnmPS1Oc28vpOjJA86Nr3F8QHOxNvxRG,AWESOME,5,0,0.1,2022-04-21 22:31:50,,,com.yamtargames.aliensim,"[{'label': 'POSITIVE', 'score': 0.998187243938446}]",POSITIVE,0.998187243938446
26,632cf228-7e76-4c18-ba23-c712337d85d7,Kevin the cube,https://play-lh.googleusercontent.com/a-/AFdZucqvARWNm9XlFRMKCMxa6kt67VXwcjuE_Lkn6_iGoQ,They copy po spider form slendytubbies PC sandbox mode >:(,1,0,,2022-03-25 18:14:30,,,com.yamtargames.aliensim,"[{'label': 'NEGATIVE', 'score': 0.9989593029022217}]",NEGATIVE,0.9989593029022217
27,95822e04-f35a-42a1-8b96-0b9dfb0c36d3,Darey Lopez,https://play-lh.googleusercontent.com/a/AItbvmlleQ9TG1ndMz3XqoLleemXJagxb7GRZ-fPufhr=mo,I could hardly even play I play for like 2 min then it always crashes,1,10,,2022-03-07 02:20:00,,,com.yamtargames.aliensim,"[{'label': 'NEGATIVE', 'score': 0.9995028972625732}]",NEGATIVE,0.9995028972625732
28,843a7eb4-b180-42be-8b00-2d1a2d2701f6,grace mendoza,https://play-lh.googleusercontent.com/a-/AFdZucrnhZJ-sHg5WDrq9GxEAxAazHl4CXQnZGxBNbqE,video call for the first time,4,0,,2022-02-10 02:31:41,,,com.yamtargames.aliensim,"[{'label': 'POSITIVE', 'score': 0.9947713017463684}]",POSITIVE,0.9947713017463684
29,7f8c3ab9-3735-4820-9933-20bc4da57d4f,Salami Shroom,https://play-lh.googleusercontent.com/a/AItbvmnCzuZlZFoUMDA-GNlLKpe0sv7FlVi4hfgaod4b=mo,"It's not bad of a game tho there's not much to do but hunt prey yet it's understandable. It could be better if there were character customization and a storyline, multiplayer and more functions to work with in the game. It's a pretty interesting game and I like how I get to play as an alien aha. Keep up the good work, your games have potential!",4,15,0.1,2022-02-02 16:44:43,,,com.yamtargames.aliensim,"[{'label': 'POSITIVE', 'score': 0.9987799525260925}]",POSITIVE,0.9987799525260925
30,9ed0c6f5-1fca-486f-b939-7e5d336935a6,Tahira Tasneem,https://play-lh.googleusercontent.com/a/AItbvmnMixaU2Y53_S82jitw8BmwqnM7xT9olqajdppigw=mo,The best anime wallpaper app I have used I love it,5,0,3.0.0,2022-09-10 09:43:13,,,com.kirito.app.wallpaper.anime,"[{'label': 'POSITIVE', 'score': 0.9988757967948914}]",POSITIVE,0.9988757967948914
31,2bfaf444-9c3f-4504-8cb8-62fef3c8f7f6,Anuj Anuj,https://play-lh.googleusercontent.com/a/AItbvmn0kpIr862wKVWcyTUsaKjGaWIinZ0CBvxlnIkX=mo,Optimistic,5,0,3.0.0,2022-08-15 17:36:27,,,com.kirito.app.wallpaper.anime,"[{'label': 'NEGATIVE', 'score': 0.9915292263031006}]",NEGATIVE,0.9915292263031006
32,6734dc46-b8c3-4f17-91d5-e202a72cbda6,Kiana:3,https://play-lh.googleusercontent.com/a-/AFdZucpbeVGfFo_-gN3lSWvheVt8FFrrf9X1mb7w9S-j,Great app there's less ads and great anime wallpapers that you can choose there's also a category so you can choose from there's one problem can you pls add a search button thats all Arigatōgozaimashita,5,0,2.0.0,2022-08-06 21:04:12,,,com.kirito.app.wallpaper.anime,"[{'label': 'POSITIVE', 'score': 0.9988147020339966}]",POSITIVE,0.9988147020339966
33,46a31c74-e700-405d-89f0-a82679c72a00,Saya Rizkisiapaya,https://play-lh.googleusercontent.com/a-/AFdZucqpyajPetgKDrMGNA4tZDNFYGxjCsgfTFCfNDpMGA,I love it.. so perfectly and HD wallpaper.. nice and recommended,5,1,2.0.0,2022-07-07 11:21:15,,,com.kirito.app.wallpaper.anime,"[{'label': 'POSITIVE', 'score': 0.998897910118103}]",POSITIVE,0.998897910118103
34,9b246c4e-4378-49a4-b989-0b565a5a4f7b,Laishram Anandi,https://play-lh.googleusercontent.com/a-/AFdZucrUS3oyDbEWbNq1b2N8LzBNt_NX-X3UHzELtjC7PA,"Well I was trying almost all anime wallpaper app found in play store, this app is awesome. I got hd wallpapers and there is no difficulty in adding wallpaper. I rated 4 stars because it doesn't have search option and adds pop out while adding wallpaper but you'll get best wallpaper here 😊💗",4,4,2.0.0,2022-05-15 11:35:15,,,com.kirito.app.wallpaper.anime,"[{'label': 'POSITIVE', 'score': 0.9989222288131714}]",POSITIVE,0.9989222288131714
35,6aea8ca2-8c72-419d-911a-8fa644b48199,Sellami Olfa,https://play-lh.googleusercontent.com/a/AItbvmkKsYCIHKNT41D1ls27ASCKg1xAxl1aFqLBM03P=mo,Perfect,5,0,2.3.0,2022-09-10 19:55:13,,,com.wallio.wallpaper,"[{'label': 'POSITIVE', 'score': 0.9985440969467163}]",POSITIVE,0.9985440969467163
36,c67f31e0-41e9-447f-9d28-0b6c4836246e,Pawan Shivan,https://play-lh.googleusercontent.com/a/AItbvmmjPmF1ZkW3HQ7b8NLPa0KI1OMqnFZArkfBfQpu=mo,You guys should have an option wether its for the home screen or the lockscreen. Otherwise ther is no other problem its awesome,3,1,2.3.0,2022-09-09 21:43:08,,,com.wallio.wallpaper,"[{'label': 'POSITIVE', 'score': 0.9988172650337219}]",POSITIVE,0.9988172650337219
37,e0c11153-9af4-4c60-b601-4d7fa0cc013b,victor Friday,https://play-lh.googleusercontent.com/a/AItbvmliOl0u7-6MkpJbM1T5A3l1DIIGLvH91EAu_Y0k=mo,Nice,5,0,2.3.0,2022-09-08 11:30:33,,,com.wallio.wallpaper,"[{'label': 'POSITIVE', 'score': 0.9977694749832153}]",POSITIVE,0.9977694749832153
38,366aa4e6-4708-4409-8eda-3883e58c5053,Naman kumar Jain,https://play-lh.googleusercontent.com/a-/AFdZucrL_Ik4akitW3F6l5B8A6kRNjTIc12ub_yXPZfnOQ,Nice app,5,0,2.3.0,2022-09-07 15:23:30,,,com.wallio.wallpaper,"[{'label': 'POSITIVE', 'score': 0.9985741376876831}]",POSITIVE,0.9985741376876831
39,32ade411-4444-4885-b230-46d43d1b9eac,SAFWAN _DEVL,https://play-lh.googleusercontent.com/a/AItbvmkV1WNDV73mVeiM0fOM-Pc8IR_mWWOluTn_mxaK=mo,Wow its__good__wallpapers___NICE😊,5,0,,2022-09-05 22:10:58,,,com.wallio.wallpaper,"[{'label': 'POSITIVE', 'score': 0.9987249970436096}]",POSITIVE,0.9987249970436096
40,943b7369-036e-4297-9d5a-91e1354db232,Wai Lung,https://play-lh.googleusercontent.com/a/AItbvmmB7dUHVzuNM5FL_lBh0rve76mJr0Aho0rQY2H0=mo,I like another app,5,0,1.0.38,2022-09-02 18:21:24,,,com.animewallpapers,"[{'label': 'NEGATIVE', 'score': 0.9973548650741577}]",NEGATIVE,0.9973548650741577
41,60344e89-7f6a-495a-be50-e6ea01c0fecf,Pepe López,https://play-lh.googleusercontent.com/a-/AFdZucrYBDVA-Tx3Lz3h-UeS3-wcpsu9y1PNEg2GSEzk8g,Cool,5,0,1.0.38,2022-08-25 03:00:52,,,com.animewallpapers,"[{'label': 'POSITIVE', 'score': 0.9969148635864258}]",POSITIVE,0.9969148635864258
42,64c696d4-3992-41b5-828e-417ec2215ba0,Rob Green,https://play-lh.googleusercontent.com/a-/AFdZucpMjqauTtJQkZcCRGf5cgJQd2YJW1kiIIgRlcgw,I like it there should be more.,5,0,1.0.38,2022-08-22 18:51:06,,,com.animewallpapers,"[{'label': 'POSITIVE', 'score': 0.9984760880470276}]",POSITIVE,0.9984760880470276
43,7ac26dce-6bf7-4e26-a614-f51e48f03fb6,mackenzie doyle,https://play-lh.googleusercontent.com/a/AItbvmlzBLn9WweoxJht1CMoLs4RxWjSKAGepPZcye2Z=mo,I don't like this app because it is annoying right ▶️▶️▶️👍👍▶️👍▶️👍👍👍👍👍👍👍👍,1,0,1.0.35,2022-08-19 23:30:19,,,com.animewallpapers,"[{'label': 'NEGATIVE', 'score': 0.9976857900619507}]",NEGATIVE,0.9976857900619507
44,a449096a-96ad-4b98-87f3-d316b38a33c7,Acoe C Mhar,https://play-lh.googleusercontent.com/a/AItbvmk_bCUbb41b7geXpn110Crf-n2qCg73wxDkQAQz=mo,loading of pictures to longer to see,1,1,1.0.38,2022-08-19 06:04:44,,,com.animewallpapers,"[{'label': 'NEGATIVE', 'score': 0.997638463973999}]",NEGATIVE,0.997638463973999
45,49cc77e6-40c9-4fbe-8bc4-b5f840a0275e,Anita Yadav,https://play-lh.googleusercontent.com/a/AItbvmnBFznR9a36MSOeapiaEbIKkERGDBaJ6HzE06Tb=mo,Wow so nice I am drawing is change so verry good this app,5,0,1.0.8,2022-09-07 15:40:36,,,id.akusantri.artdrawingideas,"[{'label': 'POSITIVE', 'score': 0.9984009861946106}]",POSITIVE,0.9984009861946106
46,55c99f17-6340-4d3a-8546-f68dea382557,Struggl Makumbu,https://play-lh.googleusercontent.com/a-/AFdZucoh1fms2gmVKo3_esZq2KYfj-ZQPV1WE0NQ9PBC,Artdesigna,5,0,,2022-08-21 10:07:59,,,id.akusantri.artdrawingideas,"[{'label': 'POSITIVE', 'score': 0.9932138919830322}]",POSITIVE,0.9932138919830322
47,1cfd60b2-e36b-40a9-8a7e-fc7d63a531eb,Joseph Shgetaw,https://play-lh.googleusercontent.com/a/AItbvmm9cOpbLYNONZivL--CWJMGoUqQoGDnR5U-ypTi=mo,Really i like this,5,0,,2022-08-16 11:14:32,,,id.akusantri.artdrawingideas,"[{'label': 'POSITIVE', 'score': 0.9986739158630371}]",POSITIVE,0.9986739158630371
48,9c181e9d-083a-4322-92f0-52e65a0b0244,Sascha Eley,https://play-lh.googleusercontent.com/a-/AFdZuco0a1HRU2Ol7rpRuRYuziCiHPu9Jp19L2h9MEPmiw,I hope and pray that I'm wrong. But my tattoo that I paid to be designed has a very very similar design to the book one.,1,3,1.0.8,2022-08-04 07:26:46,,,id.akusantri.artdrawingideas,"[{'label': 'NEGATIVE', 'score': 0.9965656399726868}]",NEGATIVE,0.9965656399726868
49,9bd0887d-3cdf-4ca1-bce8-4ae971ec5a25,ramisha kashef,https://play-lh.googleusercontent.com/a-/AFdZucqXSehdn2W2tUToeK8k80IzMCdnedUu5KTDxgLRq5I,"It's an amazing app for ideas and inspirations, it's a very creative and a cool app, it has all kinds of drawings and good for beginners!",4,4,1.0.8,2022-07-31 00:57:06,,,id.akusantri.artdrawingideas,"[{'label': 'POSITIVE', 'score': 0.9988833069801331}]",POSITIVE,0.9988833069801331
50,9592ba70-5f49-4969-b33e-a8a463b818f7,Trudith Dyer,https://play-lh.googleusercontent.com/a-/AFdZucqxk1kgIiAy4Ww6ORIrsmRz9EKwpPCq_pASUvKBrw,Helps me keep proportions,5,0,2.3,2022-09-07 15:22:42,,,com.gotools.artistgrid,"[{'label': 'POSITIVE', 'score': 0.9986205101013184}]",POSITIVE,0.9986205101013184
51,4994be60-496a-481b-bd09-54c6a0df2b69,Heleen Deale,https://play-lh.googleusercontent.com/a-/AFdZucpDBnF9SaCrd7u7I6Nd89xCpObcPr5QFq_1c3xGbw,Best grid app available,5,0,2.3,2022-08-29 11:46:31,,,com.gotools.artistgrid,"[{'label': 'POSITIVE', 'score': 0.9984833598136902}]",POSITIVE,0.9984833598136902
52,c90a0bae-55ee-4552-93c7-603492d625f6,john a,https://play-lh.googleusercontent.com/a/AItbvmksRhxVcopklmyn5xJ4TsdBrq8Ajt7OTqyYyF_l=mo,"For anyone wanting to have a go at portraits, it's a good app to use, either on your mobile or on your tablet",4,0,2.3,2022-08-25 14:08:53,,,com.gotools.artistgrid,"[{'label': 'POSITIVE', 'score': 0.9987607002258301}]",POSITIVE,0.9987607002258301
53,702ed2e1-3899-4ec2-8b0e-6bad6131f572,Harley Cruiser,https://play-lh.googleusercontent.com/a-/AFdZucpA1mNXqIAhVebgXsOY24hcaOCizVKxE-yIqrPxnA,"I like it, I really do, BUT... I would really like if I could import the image upside down or sideways. I've edited the pic to be upside down before importing, it always turns it. Make it to where I can rotate image inside grid maybe?",4,0,2.3,2022-08-21 15:05:18,,,com.gotools.artistgrid,"[{'label': 'POSITIVE', 'score': 0.9970019459724426}]",POSITIVE,0.9970019459724426
54,eae9113b-78a1-4d19-b387-96c74a29400c,Niah Bijoy,https://play-lh.googleusercontent.com/a-/AFdZucr5MW5uln13gOFYqm2zG69mubb8g2vNNVCtmDhoSZ4,My goal was done by this app,5,0,2.3,2022-08-18 07:26:43,,,com.gotools.artistgrid,"[{'label': 'POSITIVE', 'score': 0.9988560676574707}]",POSITIVE,0.9988560676574707
55,9a0a587d-5bac-4dbe-824c-f1baf017e7c8,lemon drop,https://play-lh.googleusercontent.com/a/AItbvmmT18vrg0aL7jMuFQD3ynuMndRdHPD0oLtla68i=mo,As soon as I placed my ad I was getting scam contacts. I just opened the app and there are different fully naked women and one showing her private part. I know this is scammers with these posts. So I Uninstalled the app. I don't know why google play store allows this app. I would hate for my little kids to see this stuff.,1,0,,2022-09-08 00:54:42,,,com.app.offerit,"[{'label': 'NEGATIVE', 'score': 0.9994925260543823}]",NEGATIVE,0.9994925260543823
56,11e7bbce-f702-4d96-be64-f8fb989ce6d1,pro editz,https://play-lh.googleusercontent.com/a-/AFdZucpdaX4E6d2CfYnAeQ-RIpLiWTjXecN173Ig3ERC,I love it too much higher recommend,5,0,4.1.31,2022-09-04 07:37:56,,,com.app.offerit,"[{'label': 'POSITIVE', 'score': 0.9987408518791199}]",POSITIVE,0.9987408518791199
57,8da79864-d1bd-46f0-ad56-b0ee31f98515,Christin Williams,https://play-lh.googleusercontent.com/a/AItbvmnoHdLLDq1R0AolJEtnmS_ZlEfAgHn7huFm3Rn9=mo,Never was aboe to use my marketplace however today you are going to exlpore and take control and be progressive.,5,0,4.1.31,2022-09-03 10:32:57,,,com.app.offerit,"[{'label': 'NEGATIVE', 'score': 0.9952848553657532}]",NEGATIVE,0.9952848553657532
58,1f8f4479-4c4d-4bfe-9cc7-fdb564c6335a,Donny,https://play-lh.googleusercontent.com/a-/AFdZucrndKSDH0p6zwiQOI_6DY0AtdC9CyUDkGlaTB00cg,Won't let people verify my number to sell my first item. And customer support Won't get back to me. I have a lot to sell and can't sell my first item.,1,0,4.1.31,2022-08-30 13:35:21,,,com.app.offerit,"[{'label': 'NEGATIVE', 'score': 0.9995061159133911}]",NEGATIVE,0.9995061159133911
59,e050a494-7047-46e0-a525-da93d9bccbd6,Mary,https://play-lh.googleusercontent.com/a-/AFdZucr3ZJaQf81NLJeBubr8Q1_PREKt9l5j-4UUcAlX5So,Probably the worst app. Besides being full of scams.. like for free just pay for shipping. My son died in a car crash and getting rid of these things. Really?! It's plastered all over this ap. The pics are horrible as well. And then it has 3 aps in the playstore. Hm... and the fact it is using Market Place as their name is shady. they do say not affiliated. But either they are not charging enough for the annoying ads or they need to take a fee for selling to pay proper programmer.,1,12,4.1.31,2022-08-24 06:31:57,,,com.app.offerit,"[{'label': 'NEGATIVE', 'score': 0.9995064735412598}]",NEGATIVE,0.9995064735412598
60,6bf3bbe2-cc00-43b5-a949-1090281608ac,M. Harsha and Mohitha Lakshmi And Mohitha Lakshmi,https://play-lh.googleusercontent.com/a-/AFdZucoctD0yD62I1wfqMqU9S8i6LYTZfKvdUsHmNdGJ,😀😀,5,0,1.3.46,2022-09-11 03:49:40,Hi ! We are pleased that you are happy and thank you for your review. It has taken a lot of hard work for us to get here. Do check out the 'Points to Remember' section which provides you with all the important as well as fundamental notes in one place. Do recommend Embibe to your friends and family. Happy Embibing.!!😀😀,2022-09-11 03:58:30,com.embibe.student,"[{'label': 'POSITIVE', 'score': 0.9983527660369873}]",POSITIVE,0.9983527660369873
61,1cf6fc2c-3f5c-406a-8d5f-967a079d998b,Nirdesh Patel,https://play-lh.googleusercontent.com/a/AItbvmmcFBQjYOJrBHK25z3X2efPsM8He7f6FtvdeHBq=mo,Best app ever seen if any of my concept is week it make it perfect,5,0,1.3.56,2022-09-10 20:09:08,"Cheers! 🎉 Only the best for you, Nirdesh! We are extremely happy that our efforts to make learning easy and fun have not been wasted. By learning ""pre-requisite topics,"" you can better grasp your current academic concepts. You can also contact us 24/7 for help if you have questions. Best wishes for your exam preparations. Keep Embibing! 😀😀",2022-09-11 03:39:09,com.embibe.student,"[{'label': 'POSITIVE', 'score': 0.99850994348526}]",POSITIVE,0.99850994348526
62,00e8168d-fcda-44f9-844a-5dd4038c9d73,Khagesh Kumar,https://play-lh.googleusercontent.com/a-/AFdZuco98LCXmlVN3gxvNSfEC1UBiiFHJDD81q3yQRy01Q,So brilliant,5,0,1.3.46,2022-09-10 16:12:03,"Hi Khagesh,It really feels great to know that you are using our app as your study partner. We are overwhelmed that you are happy with the app. Check out the Test section and try ' Do recommend us to your friends and Family. Wishing you All the Best for your exams. Keep Embibing!😊",2022-09-10 17:04:37,com.embibe.student,"[{'label': 'POSITIVE', 'score': 0.9986342787742615}]",POSITIVE,0.9986342787742615
63,b847b711-b25b-442e-9e09-ba03cde30a98,Study Lab,https://play-lh.googleusercontent.com/a-/AFdZucp0i3nlG5P83Ky633ymeFBz9Q2T28RKuc3e-kEV,Really best app.. Loves it a lot..,5,0,1.3.7,2022-09-10 15:46:45,"Cheers! 🎉 Only the best for you! We are extremely happy that our efforts to make learning easy and fun have not been wasted. By learning ""pre-requisite topics,"" you can better grasp your current academic concepts. You can also contact us 24/7 for help if you have questions. We would be glad if you give us 5 🌟. Keep Embibing! 😀",2022-09-10 16:09:28,com.embibe.student,"[{'label': 'POSITIVE', 'score': 0.9988514184951782}]",POSITIVE,0.9988514184951782
64,d8b05929-5d0d-43a3-9772-18156c0abd64,Sahil Katare,https://play-lh.googleusercontent.com/a-/AFdZucqgEQZBRZE841qU3bWX58xaRL-_EA-LpO7eGtds,This is a one of the best app is me bahut accha samjhate hai this app is world most best study app iam thank you the company make this app 🙂,5,1,,2022-09-10 15:22:31,"Thank you for the review Sahil, we must say that we worked really hard to bring our App to this extent, and with your review, we believe that our efforts were not in vain. Try out the practice tools ""Solve with us"" and ""Full solutions"" for easy understanding of concepts. We are gla",2022-09-10 16:08:21,com.embibe.student,"[{'label': 'POSITIVE', 'score': 0.9988741278648376}]",POSITIVE,0.9988741278648376
65,cc7ddd7c-3d37-4a92-86c0-7d8d79febd78,V Rodríguez,https://play-lh.googleusercontent.com/a/AItbvmmnq5dMeyrAgzOZ5VKvC9ahZo4p_9Nf_eYhb-tH=mo,"The app is good, but in some nouns I want to see the image like on the website. For that reason I'll give you two stars. If you add that functionality it will be perfect.",2,0,,2022-09-09 18:36:03,,,org.cambridge.cdo.plus,"[{'label': 'NEGATIVE', 'score': 0.9982888102531433}]",NEGATIVE,0.9982888102531433
66,7cdd2af5-110d-4bca-82a7-66611679751e,vyoma jariwala,https://play-lh.googleusercontent.com/a-/AFdZucoJvLVYVgGJdnYOcxhyz2d3IVjhJbr5G10Y8ysx,"In this app the created word list disappear everytime when we try to add new word in ""new add word list""",2,0,1.0,2022-09-09 06:35:53,,,org.cambridge.cdo.plus,"[{'label': 'NEGATIVE', 'score': 0.9994862079620361}]",NEGATIVE,0.9994862079620361
67,46679f93-7493-44a6-aacb-6e25e73010a1,Hung Le (Adrian),https://play-lh.googleusercontent.com/a-/AFdZucphcFYzi3ZHYdbGhIJebKGsDNZY5PL4nUelbBe00Lo,"Overall, this is a pretty acceptable app. However, it's time-consuming because it takes too long to load.",4,0,,2022-09-08 14:21:08,,,org.cambridge.cdo.plus,"[{'label': 'POSITIVE', 'score': 0.9971069693565369}]",POSITIVE,0.9971069693565369
68,9d3d15fe-ee8e-4fac-9aa2-5fe154ceac01,vida vida,https://play-lh.googleusercontent.com/a/AItbvmmNzJK3YSTIrJqsdog4bYVFCsDeHo0PhITAvMRe=mo,"Since I am in the United Kingdom,this app really helps me out,even though I'm from America,it has a few bugs and glitches and I hope the creators fix that.The best part of this app is that is it Offline!😄",1,0,,2022-09-07 08:53:40,"Thank you for your review. I have passed on your feedback to our technical team who are continuing to make improvements. If there is a particular issues you are facing, please do email us at dictionary@cambridge.org and we can troubleshoot it for you. Thank you, Nabila (Cambridge Dictionary +Plus)",2022-09-07 15:01:50,org.cambridge.cdo.plus,"[{'label': 'POSITIVE', 'score': 0.9988721013069153}]",POSITIVE,0.9988721013069153
69,abe0915a-7cbf-436c-82e7-191c81ceb618,Abdelrahman Khalil,https://play-lh.googleusercontent.com/a-/AFdZucrfGIFBnotR5OhHXADj297O_Ac5rX9XxLXvzpw0Rw,"Offline mode would be nice, please.",3,0,1.0,2022-09-03 03:57:30,"Thank you for your review. I have passed on your feedback to our product team. Thank you, Nabila (Cambridge Dictionary +Plus)",2022-09-07 14:59:52,org.cambridge.cdo.plus,"[{'label': 'POSITIVE', 'score': 0.9794030785560608}]",POSITIVE,0.9794030785560608
70,f9a5f1e7-4c58-495b-8f86-2bd2f4b47964,Akash Chowdhury,https://play-lh.googleusercontent.com/a-/AFdZucqp2scVTjCHWX6Zmiqwsw9qP4EWKoQH3fPM4qWg,Not ok,1,0,,2022-09-11 05:28:30,,,com.englishhindidictionary.offlinedictionary,"[{'label': 'NEGATIVE', 'score': 0.9974430799484253}]",NEGATIVE,0.9974430799484253
71,2b241a96-4733-436c-90b2-c59e32d87627,Darshit Singh,https://play-lh.googleusercontent.com/a/AItbvmlD_6D-ypA4sGCLVSRpA48qDaCv9m1hDnRiCMiE=mo,Like,1,0,,2022-09-11 04:01:49,,,com.englishhindidictionary.offlinedictionary,"[{'label': 'POSITIVE', 'score': 0.9969191551208496}]",POSITIVE,0.9969191551208496
72,c2170a1d-3746-4083-a742-1b3351d23ac8,Pavan Raut,https://play-lh.googleusercontent.com/a-/AFdZucrZ3jJPi0t1bvLIoBOz9EeXDa8To1HnVL9VXv9S,Bad,5,0,,2022-09-10 14:30:15,,,com.englishhindidictionary.offlinedictionary,"[{'label': 'NEGATIVE', 'score': 0.9991268515586853}]",NEGATIVE,0.9991268515586853
73,921bc67f-19e1-493c-bf3d-5442e248055d,ritu gupta,https://play-lh.googleusercontent.com/a/AItbvmmjdWuV4qQFO2Fo6KM4biK9rPcPYxiVA-D-cv4F=mo,Nice,5,0,,2022-09-10 03:41:57,,,com.englishhindidictionary.offlinedictionary,"[{'label': 'POSITIVE', 'score': 0.9977694749832153}]",POSITIVE,0.9977694749832153
74,82f4ba6f-5ab9-4115-8899-49825c7bd3cd,Shantanu Pandey,https://play-lh.googleusercontent.com/a/AItbvmloUQ6Mb6XXMj5h1dxIbuKlLdqznXYPgUNE4_nd=mo,Very very bead,1,0,3.1,2022-09-07 04:09:04,,,com.englishhindidictionary.offlinedictionary,"[{'label': 'POSITIVE', 'score': 0.9952569603919983}]",POSITIVE,0.9952569603919983
75,c46aa4d6-e2f8-46ff-9390-7c50a5fb05c6,Avisha Mangla,https://play-lh.googleusercontent.com/a-/AFdZucp00iUCNBwtaX5VnDTgjetUQAm0UptP-GGja2MQFw,Useful,4,0,2.1.7,2022-09-01 00:41:49,"Dear Avisha, Thanks a lot! If you'd like to suggest a feature or an improvement to the app, please write in to us at app.support@edutainmentventures.com. We'll do our best to incorporate the same and earn a five star rating from you.",2022-09-01 05:14:12,com.ma.cc.indian,"[{'label': 'POSITIVE', 'score': 0.9964800477027893}]",POSITIVE,0.9964800477027893
76,c47a77c2-d259-4647-ba3e-7ca06759005d,Alvin Davids,https://play-lh.googleusercontent.com/a-/AFdZucrDzY-haapkOypHlwt16-xX7digDVaXnJRKptzDsg,Devine recipes awesome app,4,0,2.1.1,2022-06-28 05:01:35,"Dear Alvin, Thanks a lot! If you'd like to suggest a feature or an improvement to the app, please write in to us at app.support@edutainmentventures.com. We'll do our best to incorporate the same and earn a five star rating from you.",2022-06-28 05:47:08,com.ma.cc.indian,"[{'label': 'POSITIVE', 'score': 0.9983099699020386}]",POSITIVE,0.9983099699020386
77,86141491-a956-48ce-b480-eb1308e11a0c,Agata Keith,https://play-lh.googleusercontent.com/a/AItbvmmivw1W9UTZbjlmwww_qC-Hw1xkCSB3gJTd55rN=mo,the recipes sound great but some ingredients are not common and. difficult to find. Also it would be great if you could show a clip of the dish being made!!,3,6,2.1.5,2022-06-11 12:38:54,"Dear Agata, Thank you for your valuable feedback. We are always looking to improve the experience for our users, and believe in continual improvement. We are working on your suggestions and will take care of these enhancements soon. Please reach out to us at app.support@edutainmentventures.com, if you have other suggestions.",2022-06-13 11:05:20,com.ma.cc.indian,"[{'label': 'POSITIVE', 'score': 0.9862939715385437}]",POSITIVE,0.9862939715385437
78,84fbbebf-f366-4f3c-9e3c-610e73635dd5,indian food And spices,https://play-lh.googleusercontent.com/a-/AFdZuco1SAfjau3CMgTNl_Z0Y2VnN3Cm1j4nt_SXjPQMYks,good need more recipes,4,0,2.1.5,2022-06-11 06:59:10,"Dear User, Thank you for your valuable feedback. We are always looking to improve the experience for our users, and believe in continual improvement. We are working on your suggestion and will take care of this enhancement soon. Please reach out to us at app.support@edutainmentventures.com, if you have other suggestions.",2022-06-13 10:04:50,com.ma.cc.indian,"[{'label': 'NEGATIVE', 'score': 0.994208812713623}]",NEGATIVE,0.994208812713623
79,983f87be-6fb7-454a-92e6-24a5aa2968c8,Haroon Ghazanfar,https://play-lh.googleusercontent.com/a/AItbvmkLRBdLYz8fslIybfg_mlpbiGUPfmjkLi5_Yea_=mo,excellent,5,0,2.1.5,2022-06-03 23:02:57,"Dear Haroon, We are happy to know that you found our app useful. Please help us by spreading the word amongst your friends. If you have any feedback or suggestions, please write to us at app.support@edutainmentventures.com. We would love to hear from you!",2022-06-06 07:10:14,com.ma.cc.indian,"[{'label': 'POSITIVE', 'score': 0.998656153678894}]",POSITIVE,0.998656153678894
80,606f4124-9dfd-4ed0-ae40-34c73414746a,Alex,https://play-lh.googleusercontent.com/a-/AFdZucp4JarYqTSdX5rZtBQWETAzLlfzIyYP9_x6HvtvKA,"Perfect example, perfect app that has become worst ever app! there are tons of ads!",1,0,30.3.7,2022-07-08 02:02:12,"Dear User, we are sorry for the inconvenience. We want to give you better user experience. Could you give us the screenshots of Ads that disturb you most? You can email us at infinitewallpapers@gmail.com.",2022-07-22 08:33:34,com.endless.indianrecipes,"[{'label': 'NEGATIVE', 'score': 0.9993888139724731}]",NEGATIVE,0.9993888139724731
81,39bb6da8-9245-4189-a135-d3f56bdbef67,Haleema Khan,https://play-lh.googleusercontent.com/a/AItbvmnkkBNulPnhZp4vQzoTxyO2O8FOo9bgvjVEdUND=mo,Good,5,0,30.3.7,2022-06-26 11:18:31,"We are pleased that you enjoyed the app. If there is anything we can do for you, just let us know at infinitewallpapers@gmail.com! Have a wonderful day!",2022-07-22 08:33:12,com.endless.indianrecipes,"[{'label': 'POSITIVE', 'score': 0.9984152317047119}]",POSITIVE,0.9984152317047119
82,2f6d1fb1-6ef1-4805-ad42-92c9ae71a373,Emcee Roop Aggarwal,https://play-lh.googleusercontent.com/a-/AFdZucoVfVYyCxTRy5d14lHYUZb-VanWozr3vqJon_sgjk4,Thought it to be a good app as it mentions Indian recipes. Had to uninstall it just cuz to too many ads. Didn't even get time to explore the app cuz of the ads every sec. Not worth it.,1,11,,2022-03-04 07:55:03,"Hi, you can subscribe to our premium version to remove ads. Let us know if you need any assistance. Thank you",2022-03-15 11:52:29,com.endless.indianrecipes,"[{'label': 'NEGATIVE', 'score': 0.9995129108428955}]",NEGATIVE,0.9995129108428955
83,c6905e74-2994-4ee1-aed9-171224797dce,Shiva Bahadur Khatri Kshatri,https://play-lh.googleusercontent.com/a/AItbvmkCPZpfLQKEbjMt84U-SHrDjzTQkEFvIBvbQSjN=mo,Still to experience this app.,5,0,,2022-02-21 09:29:12,"We are pleased that you enjoyed the app. If there is anything we can do for you, just let us know at infinitewallpapers@gmail.com! Have a wonderful day!",2022-03-15 11:51:46,com.endless.indianrecipes,"[{'label': 'NEGATIVE', 'score': 0.9916377663612366}]",NEGATIVE,0.9916377663612366
84,fcdca60b-cb7c-4189-a564-86ca521689b1,Saniya Khan,https://play-lh.googleusercontent.com/a/AItbvmkrqEnKjV2AO6z085ycBO1TJ8bZiPxD5CiH6J7I=mo,Best for recipes,5,0,30.1.0,2022-02-16 23:38:26,"We are pleased that you enjoyed the app. If there is anything we can do for you, just let us know at infinitewallpapers@gmail.com! Have a wonderful day!",2022-02-17 08:04:16,com.endless.indianrecipes,"[{'label': 'POSITIVE', 'score': 0.9908883571624756}]",POSITIVE,0.9908883571624756
85,3f217f40-26e1-4f19-84ca-86ac5d01e9a3,Aregay Weldemhiret,https://play-lh.googleusercontent.com/a-/AFdZucp9I4eb3Q6rtKc_1yuJ7WO4dXlNsl7LzqHtUnJn,Nice too,4,0,,2022-05-13 14:48:14,,,com.irapps.shareme.filetransfer.share.data,"[{'label': 'POSITIVE', 'score': 0.9983519315719604}]",POSITIVE,0.9983519315719604
86,7792c868-0a12-4739-81c1-6146ccfa139b,raja mubashir,https://play-lh.googleusercontent.com/a-/AFdZucrejvFED5WsLE_onsoso84vj98o9q9GVs4kJ4u_TA,Very good app 👌,5,0,1.0.4,2022-09-03 12:30:44,,,com.smartswitch.phoneclone.backuprestore.oldtonewphone.datatransfer.mobiledata.android.phoneclone,"[{'label': 'POSITIVE', 'score': 0.9987897276878357}]",POSITIVE,0.9987897276878357
87,db3ec055-84b2-4654-8f2b-46cf07e3d09f,Muhammad Hassan,https://play-lh.googleusercontent.com/a-/AFdZucos8ctZppsl49jbEr5o7XpBrcJNXnk_0J03pIR4Cjw,Best application i ever used. Easy to use . Very helpful.,5,0,1.0.4,2022-09-03 11:42:34,,,com.smartswitch.phoneclone.backuprestore.oldtonewphone.datatransfer.mobiledata.android.phoneclone,"[{'label': 'POSITIVE', 'score': 0.9988951086997986}]",POSITIVE,0.9988951086997986
88,922c1c1b-799d-4152-b5f0-3cec734720ca,Usman Raja,https://play-lh.googleusercontent.com/a/AItbvmnZ3rthDSAyuY2cGTuEaqsLYz2XUF6YX9kTo4xG=mo,Very best and usefull app,5,0,1.0.4,2022-09-03 11:38:27,,,com.smartswitch.phoneclone.backuprestore.oldtonewphone.datatransfer.mobiledata.android.phoneclone,"[{'label': 'POSITIVE', 'score': 0.9987226128578186}]",POSITIVE,0.9987226128578186
89,56c4923a-c81a-4680-9352-c9efb8bd9c1b,Shuja Haider,https://play-lh.googleusercontent.com/a-/AFdZuco_j73BKddEZFZXpQVqkYHbl8OpRq0NBSOnbfnH1Q,It is a excellent app i love using it. Give us more interesting app to use 🥺♥️,5,0,1.0.4,2022-09-03 11:38:13,,,com.smartswitch.phoneclone.backuprestore.oldtonewphone.datatransfer.mobiledata.android.phoneclone,"[{'label': 'POSITIVE', 'score': 0.998860239982605}]",POSITIVE,0.998860239982605
90,ece15d0e-e6d1-45ff-8275-62c80f7b5d62,Sherri Hero,https://play-lh.googleusercontent.com/a/AItbvmnWM4VbEyw8MRzYv0K01dm8atx9gxzshq0pIPmZ=mo,"Very awesome Data transfer aap, easy to use , very helpful",5,0,1.0.4,2022-09-03 11:24:49,,,com.smartswitch.phoneclone.backuprestore.oldtonewphone.datatransfer.mobiledata.android.phoneclone,"[{'label': 'POSITIVE', 'score': 0.9989030361175537}]",POSITIVE,0.9989030361175537
91,ac908ad7-48eb-4ac3-a536-196b698dc839,Shivang Sompura,https://play-lh.googleusercontent.com/a/AItbvmm3hW1bl5Qfh-5Ioo4PYpIvh6cZ4AnB-_twEk0J=mo,"This adult friend finder gives me comfortable accompany when i first move to another city. I don't have many local friends, let alone the adult dating, but this app for adults only really pleased me a lot!",5,0,2.2.0,2022-09-10 12:09:32,,,dating.find.hookup.apps.sugar.single.free,"[{'label': 'POSITIVE', 'score': 0.9969345331192017}]",POSITIVE,0.9969345331192017
92,5d579991-1d8a-4ddc-ab25-a9f5d2e2a0f4,1,https://play-lh.googleusercontent.com/a/AItbvml_Nf8nJEHuZoiTybc_h472JgmMutqDDjtPonlE=mo,"I'm attempting to find online adult dating on this dating app, because I had problems finding friends with benefits in real life. Additionally, many real singles can reply you with quick response. I really like this adult friend finder!",5,0,2.2.0,2022-09-10 12:06:32,,,dating.find.hookup.apps.sugar.single.free,"[{'label': 'POSITIVE', 'score': 0.9989030361175537}]",POSITIVE,0.9989030361175537
93,b0d8170d-18b4-4596-b40e-66eb4c83609f,Tirth sompura,https://play-lh.googleusercontent.com/a-/AFdZucrE4BwcDbuF-TNGMuhqOZRNvDtUuGPHANnA70-x8Q,"I had a great time on this adultfriendfinder. Many friends with benefits are wonderful and glad to flirt with me, so I will keep use it to find my ideal adult dating here!",5,0,2.2.0,2022-09-10 12:03:31,,,dating.find.hookup.apps.sugar.single.free,"[{'label': 'POSITIVE', 'score': 0.9988753199577332}]",POSITIVE,0.9988753199577332
94,86e99eac-de00-40a3-ada4-7a0247db6adf,Mohan Roy,https://play-lh.googleusercontent.com/a/AItbvmmr67njtjj_X6cNmBGFwo33ij6Pre6Yk-xYoOOh=mo,"I find it's hard to talk to girls about adult dating topics since I am a little shy in real life. Luckily I found this dating app, i can connect many open-mind people here and can pick the ones I want to flirt with.",5,0,2.2.0,2022-09-09 08:54:01,,,dating.find.hookup.apps.sugar.single.free,"[{'label': 'POSITIVE', 'score': 0.9988834261894226}]",POSITIVE,0.9988834261894226
95,a8168b26-5a5f-43bf-a476-dd2c74eb6b8c,Rimpa Roy,https://play-lh.googleusercontent.com/a/AItbvmmxGCtwpjuMC-wM5ALLhXXnP8siERtzr4fapC6A=mo,I find this adultfriendfinder seems to have more positive reviews than other similar dating apps for adults. So i choose to download it to find more singles who want to share more adult dating experience!,5,0,2.2.0,2022-09-09 08:28:17,,,dating.find.hookup.apps.sugar.single.free,"[{'label': 'POSITIVE', 'score': 0.9988211989402771}]",POSITIVE,0.9988211989402771
96,f06a5f16-116f-496c-a782-2d8cef05ba45,theresa Dgunnis,https://play-lh.googleusercontent.com/a/AItbvmkqFBzc8JGZLFDEsMOz1A-7npB-rAvHfXTqM5tU=mo,ThereasGunnis,1,0,,2022-09-10 15:30:24,,,com.over.seniors,"[{'label': 'POSITIVE', 'score': 0.7923291921615601}]",POSITIVE,0.7923291921615601
97,58318420-8414-4b40-b619-8321bb6f5f1f,Edwina Mcdonough,https://play-lh.googleusercontent.com/a/AItbvmmM4kuC1L6jz3OxdHiU7ZbJ6J5aUzNVVehURS2S=mo,good. Recommended. five star,5,0,2.5.6,2022-09-10 04:05:51,,,com.over.seniors,"[{'label': 'POSITIVE', 'score': 0.9988104104995728}]",POSITIVE,0.9988104104995728
98,afaec1df-4b26-4163-895d-3060b53074fc,Peters Gatza,https://play-lh.googleusercontent.com/a/AItbvmmEzt-RmWX-E7tMIZG_ziasx2iAZ_aHFadVREAP=mo,"It's been a long time, I think it's super easy to use, it's super easy to use, everyone is optimistic about everything",5,0,2.5.6,2022-09-10 02:04:15,,,com.over.seniors,"[{'label': 'POSITIVE', 'score': 0.9989019632339478}]",POSITIVE,0.9989019632339478
99,db4b547a-2fa2-45c0-9ebc-4c0b818a2212,Hoeke Berrett,https://play-lh.googleusercontent.com/a/AItbvmnqWfhYgdQny01vGQmSJLedARB_qRz5WWljwXwV=mo,Useful and fun! !,5,0,2.5.6,2022-09-09 22:01:30,,,com.over.seniors,"[{'label': 'POSITIVE', 'score': 0.998796820640564}]",POSITIVE,0.998796820640564
100,42010fd3-3f6a-4c98-81aa-7a6f05fce12d,Sinopoli Polashek,https://play-lh.googleusercontent.com/a/AItbvmmnRuKXGwMwzHwM6S1Zqr4PdjK-V2B7Gmip7Dh7=mo,"I saw the good reviews on this, so I downloaded the software, and it didn't disappoint me. So good.",5,0,2.5.6,2022-09-09 20:02:46,,,com.over.seniors,"[{'label': 'POSITIVE', 'score': 0.9987756609916687}]",POSITIVE,0.9987756609916687
101,fcf3d04d-03bf-4736-a4a4-e6eb6a474d19,Kita Legacy,https://play-lh.googleusercontent.com/a/AItbvml-brihGJWT7FHLkdjTrfFTN1uc3TD__Dorzez7=mo,Cool,5,0,3.0,2022-09-11 07:17:39,,,com.pdfconverter.imagetopdf,"[{'label': 'POSITIVE', 'score': 0.9969148635864258}]",POSITIVE,0.9969148635864258
102,3566b6f6-9c6d-4e32-a65e-0762c813c85d,Leo Nagen,https://play-lh.googleusercontent.com/a/AItbvmlnivzQkny7xyGTNNgvqveOmvH0AeLd3gN9-Bgs=mo,Great,5,0,3.0,2022-09-09 14:48:39,,,com.pdfconverter.imagetopdf,"[{'label': 'POSITIVE', 'score': 0.998588502407074}]",POSITIVE,0.998588502407074
103,9273ca5f-2c9f-4bb9-89b6-729c5bb4251a,Andile Macdonald,https://play-lh.googleusercontent.com/a/AItbvmmTX3w70-Gu6eSkR1YhvdeNBqsH47gTC-khTBw2=mo,excellent,5,0,3.0,2022-09-07 16:31:24,,,com.pdfconverter.imagetopdf,"[{'label': 'POSITIVE', 'score': 0.998656153678894}]",POSITIVE,0.998656153678894
104,ebef88db-90d3-4c9e-a098-f4add9b387c1,Kabelo Mosimane,https://play-lh.googleusercontent.com/a-/AFdZucof0Oo1rYT7vDunfnZ9z1-V0P8mRM2ceU2D6jDG,Good,5,0,3.0,2022-08-25 20:32:08,,,com.pdfconverter.imagetopdf,"[{'label': 'POSITIVE', 'score': 0.9984152317047119}]",POSITIVE,0.9984152317047119
105,694c02b0-db32-46ed-b5ad-5b8e123e4bd7,Edgar jr. Escudero,https://play-lh.googleusercontent.com/a-/AFdZucofmhGdkMBKN58tGSQobfo-229FP_yJAnmv3o0,The best app for me will keep this app for the rest of my life,5,0,3.0,2022-08-25 13:14:22,,,com.pdfconverter.imagetopdf,"[{'label': 'POSITIVE', 'score': 0.9986973404884338}]",POSITIVE,0.9986973404884338
106,30da2c73-22f2-43fb-b14c-15a1c8f4d7a7,MR. tikaniyA,https://play-lh.googleusercontent.com/a-/AFdZucpJCGjKYoj9CAmZPYQ9Jk7spPhiVoncRzrC1tS6LA,Good,5,0,1.2.1,2022-06-21 14:24:12,,,imagetopdf.pdfconverter.jpgtopdf.img2pdf.converter,"[{'label': 'POSITIVE', 'score': 0.9984152317047119}]",POSITIVE,0.9984152317047119
107,6371d21a-2fdc-4eee-b543-2ee39678c350,L. Joselin Blessy,https://play-lh.googleusercontent.com/a/AItbvmmRGUCZHK8ry0g847Avr7bcrBVscupzSiOjQJ6I=mo,Worst app,1,0,,2022-06-11 06:03:30,,,imagetopdf.pdfconverter.jpgtopdf.img2pdf.converter,"[{'label': 'NEGATIVE', 'score': 0.9994810223579407}]",NEGATIVE,0.9994810223579407
108,00577b0f-fc57-4e18-9a77-23eccc71d537,vivek rohit,https://play-lh.googleusercontent.com/a/AItbvmlmnjj_5i8wcD8r0Mr28aaMRJA3zOvX-eyQvXAy=mo,Worst app.. Don't install... Time wastage..!,1,0,,2022-06-08 09:34:55,,,imagetopdf.pdfconverter.jpgtopdf.img2pdf.converter,"[{'label': 'NEGATIVE', 'score': 0.9995031356811523}]",NEGATIVE,0.9995031356811523
109,2f35e420-d6ef-4952-8b54-646caf9a78a4,KINJAL Rana,https://play-lh.googleusercontent.com/a-/AFdZucrCtEsvxwS4s1h3V-wG14wcJEs8vdBkqRBp1v80IQ,Wrost app,1,0,1.2.1,2022-06-08 01:20:15,,,imagetopdf.pdfconverter.jpgtopdf.img2pdf.converter,"[{'label': 'POSITIVE', 'score': 0.9634250998497009}]",POSITIVE,0.9634250998497009
110,65b92705-ec1c-42bc-a47d-f3f7f6b92325,PARDEEP KAUR,https://play-lh.googleusercontent.com/a/AItbvmnEpKUD-RmmTNiA0j7VYIz7Sh1nA9s5jI965ZMm=mo,Really useless app I want to give a negative 100% rating if possible,1,0,,2022-06-07 12:22:14,,,imagetopdf.pdfconverter.jpgtopdf.img2pdf.converter,"[{'label': 'NEGATIVE', 'score': 0.9994949102401733}]",NEGATIVE,0.9994949102401733
111,44092eed-96ba-4013-b5c2-d9df8d654cd5,SHIVANAND SAVATAGI,https://play-lh.googleusercontent.com/a-/AFdZucqnjjsfqqd02CfQzRLXT5ln3krCNTv4ESxub5rrLQ,No on time delivery they do fake promises,1,0,,2022-08-30 13:06:47,"Hey Shivanand, sorry to hear this. Please write to us in detail so that we could get to the bottom of it and address it on a priority. Team health & glow",2022-08-31 07:10:03,in.healthandglow,"[{'label': 'NEGATIVE', 'score': 0.9994932413101196}]",NEGATIVE,0.9994932413101196
112,d7318c77-b946-47d2-be33-caf1410dc6e6,ANIL JAIPAL,https://play-lh.googleusercontent.com/a-/AFdZucoj329qMzoO_h1Nm4Z0HHC8NF_nTIcJsXsoOhaODJ0,"I have placed an order on 12 august and not delivered till today (30 august), after talking with customer support team ,they are not able to solve my query, requesting me to place another order. Totally disgusting",1,0,,2022-08-30 12:46:38,"Hey Anil, sorry to hear this. Please write to us in detail so that we could get to the bottom of it and address it on a priority. Team health & glow",2022-08-31 07:08:51,in.healthandglow,"[{'label': 'NEGATIVE', 'score': 0.9994999170303345}]",NEGATIVE,0.9994999170303345
113,0392c2df-41ed-4901-bfc5-937eab99a95a,Nivedita P Patil,https://play-lh.googleusercontent.com/a-/AFdZucpWR4OBsHy0rz-mLT_mvol36fpwxuTYYaVxUjKflA,Excellent,5,0,3.0.23,2022-08-17 04:13:58,Hey Nivedita. Thank you very much for such a great review! We work really hard to offer you the best service and we are glad it brought a smile on your face. Team health & glow,2022-08-21 11:29:13,in.healthandglow,"[{'label': 'POSITIVE', 'score': 0.998581051826477}]",POSITIVE,0.998581051826477
114,3734cf68-6bd4-4ea8-9538-6c0c08b9186d,Afrah Pasha,https://play-lh.googleusercontent.com/a-/AFdZuco43hunNgz0cwwQ3B-2uFHAr5TpNBo3B4DL62n0LQ,Not working properly,2,0,3.0.31,2022-08-09 10:45:47,"Sorry, Afrah please give us a call at 1800-123-008866. We'd be happy to help and fix the issue, till then could you check if you are using the latest version of the app. Team health & glow",2022-08-10 10:14:36,in.healthandglow,"[{'label': 'NEGATIVE', 'score': 0.9994953870773315}]",NEGATIVE,0.9994953870773315
115,e112b730-59a4-45ce-a90a-020316d96b08,Vijay cinemas,https://play-lh.googleusercontent.com/a/AItbvmn-YrdpllnsRSiEUB-E1E_Fprza8P4mZOAr7W6F=mo,Good,5,0,3.0.21,2022-07-31 17:18:29,Hey Vijay. Thank you very much for such a great review! We work really hard to offer you the best service and we are glad it brought a smile on your face. Team health & glow,2022-08-01 07:23:25,in.healthandglow,"[{'label': 'POSITIVE', 'score': 0.9984152317047119}]",POSITIVE,0.9984152317047119
116,41a3bd1e-031d-48a3-b529-78d540be4e51,sheryl dean,https://play-lh.googleusercontent.com/a-/AFdZucquFBnt1w2MD-D9e5pvGzfTto3Pr20aExyxp749u9U,Good game.,4,0,2.1.3,2022-09-01 19:10:27,,,com.adriaandejongh.hiddenfolks,"[{'label': 'POSITIVE', 'score': 0.998845100402832}]",POSITIVE,0.998845100402832
117,7c878683-e71d-4136-9365-bf79dcd4501a,Akshay Bhavekar,https://play-lh.googleusercontent.com/a-/AFdZucqj939FZcyclnD_BI860OjXrsamkbyL4oV5Hsug-LQ,One of the best Object Find game. So relaxing. I am enjoying alot.,5,0,2.1.3,2022-09-01 04:41:45,,,com.adriaandejongh.hiddenfolks,"[{'label': 'POSITIVE', 'score': 0.9988831877708435}]",POSITIVE,0.9988831877708435
118,921fdc0e-c1cd-412e-8572-e66e7b0c923e,anna tsarvouli,https://play-lh.googleusercontent.com/a-/AFdZucrsE1SNn2fFULMOjko_NX3wMGnaAAEEIBDsXkrUva4,"Great game I LOVE it! It feels like meditation, beautiful design I adore all the little sounds and hidden things... Keep designing!",5,0,2.1.3,2022-08-31 20:46:40,,,com.adriaandejongh.hiddenfolks,"[{'label': 'POSITIVE', 'score': 0.99892657995224}]",POSITIVE,0.99892657995224
119,9c77668f-cff6-4ba0-a676-d9fb0c14cde3,Nicole Aspcia,https://play-lh.googleusercontent.com/a-/AFdZucrjFs0goxTuQfSb_wtz5RLu5rkoOa4Z3vh8cyg4fXw,It was enjoyable to look at and challenging enough to keep my interest !,5,0,,2022-08-30 05:40:48,,,com.adriaandejongh.hiddenfolks,"[{'label': 'POSITIVE', 'score': 0.9989131689071655}]",POSITIVE,0.9989131689071655
120,09b30fbb-3a12-435d-98b4-41007ed5d734,KFCrazy Nelson,https://play-lh.googleusercontent.com/a-/AFdZucrrQ9lFk2xzi62DllkwqNls1C4fgkfHdIcnzflh,Happy days. Ty team^^,5,0,2.1.3,2022-08-19 09:47:25,,,com.adriaandejongh.hiddenfolks,"[{'label': 'POSITIVE', 'score': 0.998802661895752}]",POSITIVE,0.998802661895752
